set,tier,case_id,run_id,company,category,price,context_what_they_do,undercut_on,competes_with,my_label,label_source_external,my_MA,my_DEF,my_CR,my_MH,my_DR,my_score,my_band,YOUR_MA,YOUR_DEF,YOUR_CR,YOUR_MH,YOUR_DR,YOUR_SCORE,YOUR_BAND,YOUR_NOTES
S1 original corpus,CORE,P5-gongcha,P5-gongcha,Gong Cha Singapore,Bubble tea -- mid-tier Taiwanese chain. Had 29 outlets in Singapore. Ceased operations 2 October 2025; no replacement franchise partner has been named and the website is offline.,S$3.90-7.00; mid-tier,"We carry a wide menu -- Horlicks series, Taiwan premium extracted teas, milk tea series, rejuvenating drinks, brown sugar series and brewed teas -- so there is something for most customers. Prices sit in the middle of the market, with brewed teas from S$3.90, standard milk teas from S$4.50 and the Horlicks series at S$7.00. We have operated in Singapore for many years and had 29 outlets at our peak.",Cheaper chains go below us and premium chains sell a distinct product above us. We sit in between without a signature of our own.,KOI The; CHAGEE; LiHO TEA; Mixue (value floor),—,,2.0,1.0,2.0,n/a,n/a,GATE,GATE (defensibility),4.0,1.0,2.0,N/a,3.0,,,
S1 original corpus,CORE,N1-closedbusiness,N1-closedbusiness,A closed bubble tea outlet,Bubble tea — a single outlet in a neighbourhood mall. Now closed.,S$4.50-6.00 per cup,Not really sure we had one. We used the same supplier as a few other shops and the drinks were similar. We had a loyalty card.,"Everything. Cheaper shops, bigger chains with apps and promotions. We could not match the pricing or the marketing.",A big chain nearby; The shop two units down,—,"The gates have never fired on a Jev output (0/4 runs). CaiCa's G4 fired on a HAND-WRITTEN label, never on a real run. This tests whether a genuinely dead business triggers the gate.",1.0,1.0,2.0,3.0,n/a,GATE,"GATE (mental_advantage,defensibility)",1.0,1.0,2.0,N/a,2.0,,,
S1 original corpus,CORE,koi,koi,KOI Thé Singapore,"Bubble tea — premium handcrafted tea beverages. 88-90 outlets in Singapore: 62 KOI Thé cafés, 26 smaller KOI Thé Express counters inside MRT stations and hospitals, and 2 Signature KOI stores. Operating here since 2007.",S$5.50-7.50 per tall cup (premium mid-tier),"We have built trust cup by cup for nearly twenty years, deliberately without advertising. We grew from one outlet in Toa Payoh in 2007 to 88 outlets nationwide on product consistency and word of mouth alone. Our operational model is proven and scalable — our Singapore operation is the group's innovation hub for Southeast Asia, pioneering new menu concepts that other markets then adopt. We hold about 20% market share with 13% annual revenue growth, and we have consistently maintained top ranks in both bubble tea sales and brand awareness. We run a second brand, Signature KOI, to reach different customer segments, and we are the group's first international market and its proven proof of concept.","Nothing structurally. New imported brands open more visibly and get more press, and we are the biggest chain so we attract more direct comparison. At the outlet level, rent is our main cost pressure — a high-rent site needs far higher throughput.","LiHO TEA (homegrown, ~70-84 outlets); CHAGEE (44 outlets, fastest riser); Each-A-Cup (48 outlets, budget); Chicha San Chen (32 outlets, premium craft)",—,"CONTROL CASE. Every case scored so far was a business in trouble (CaiCa failing, GreenPackers fringe, Bonefirm/ObserveCo unproven). There was no case where the answer is obviously 'this works'. Without one, score clustering at 2-4 cannot be interpreted: it may be correct about the sample, or the rubric may be unable to say 'Strong'. This case settles it.",4.0,5.0,3.0,n/a,4.0,76.0,"Viable, conditional OR Strong",4.0,3.0,3.0,N/a,4.0,,,
S1 original corpus,CORE,D1-watsons,D1-watsons,Watsons Singapore,"Health and beauty retail. Personal care, toiletries, cosmetics, over-the-counter medication, pharmacy services. Sold through stores islandwide plus online.","Mid-market, in line with Guardian and Unity.","We are the largest health and beauty retailer in Singapore with around 18% market share, more than 100 outlets, and the only loyalty programme among the three main chains. We also run pharmacy e-consultation services, which no competitor in our segment offers. Our scale means we carry the widest brand range and can sustain promotions the smaller chains cannot match.","Nothing, on price. All three main chains price within cents of each other and match each other's promotions. We are not cheaper and do not try to be. What we lose on is that nobody chooses us for anything specific — customers pick whichever chain is nearest.","Guardian Health & Beauty (137 stores, DFI Retail Group, ~14% share); Unity Pharmacy (60+ stores, NTUC FairPrice); Supermarkets — FairPrice, Cold Storage, Sheng Siong now carry the same categories; Online — Shopee, Lazada, iHerb for repeat purchases",—,Discriminates between the three candidate explanations for the C3/C5 ordering anomaly (see DIAGNOSTIC-ordering.md).,2.0,3.0,2.0,3.0,n/a,46.0,Contested,5.0,4.0,3.0,3.0,5.0,,,
S1 original corpus,CORE,bonefirm,bonefirm,Bonefirm,"Health supplements — bone and joint support for women going through menopause. Daily capsule. Made in Singapore, GMP-certified. Non-hormonal.",S$8.50 per day,"We are the only ones combining a clinically-studied Western ingredient (NEM eggshell membrane) with traditional Chinese medicine botanicals. It is an East-meets-West formula. The complete system is seven ingredients: NEM as the structural foundation, plus Salvia miltiorrhiza (Danshen), Ligusticum chuanxiong, Morus alba, Dendrobium officinale, Rosa rugosa, and Vitamin C. It is not a single component with extras bolted on — it is formulated as a system, designed as a whole rather than in parts. The botanicals support circulation and tissue nourishment, which is what NEM needs to work in the body. GMP-manufactured in Singapore. Developed with experts in Singapore and the United States, and it took real formulation work to get the combination to this point — this is not something I could have put together by buying ingredients off a shelf.",Price. Anyone can buy NEM capsules on their own from Watsons or online for much less. Competitors also keep launching cheaper versions of the same thing.,"Caltrate (calcium + D3, the pharmacy brand); Blackmores (glucosamine for joints); Kinohimitsu (collagen drinks); Kordel's (joint and bone supplements)",—,,n/a,3.0,2.0,3.0,3.0,51.0,Contested,1.0,3.0,4.0,4.0,2.0,,,
S1 original corpus,CORE,D2-petlovers-cue,D2-petlovers-cue,Pet Lovers Centre,"Pet retail and pet care services — food, accessories, grooming, veterinary-adjacent services. 69 stores in Singapore, 140+ across five countries.","Mid to upper-mid. Premium on fresh and exclusive brands, competitive on staples.","We have 51 years of accumulated trust and the widest and freshest product range in the market. We are the first and largest pet care retail chain in Southeast Asia, with 69 stores in Singapore alone — a footprint no other pet retailer here approaches. We hold exclusive brand partnerships, including bringing international brands like ANIGENE into Singapore, which gives us product access competitors cannot match. Our scale lets us hold national distribution and supplier terms that smaller retailers cannot get. Beyond the size, the situation we own is the new pet: when someone in Singapore brings home their first puppy or kitten, or a rescue, we are where they come to get set up — the first bed, the first collar, the food transition, and the advice on what a first-time owner actually needs. People come back to us through the pet's whole life because that first visit is where the relationship started.","Price. Online sellers and smaller independent pet shops undercut us on price, and general e-commerce platforms sell the same branded pet food cheaper with no storefront cost. Some customers know exactly what they want and just buy it online.","Pet Station, Perromart (online-first, price-led); Independent neighbourhood pet shops; Shopee / Lazada sellers of branded pet food; Vet clinics selling food and medication directly",—,"C3 (Pet Lovers Centre) scored MA 3/5. C3's stated differentiator is composed ENTIRELY of size facts ('largest', 'widest range', 'footprint no other retailer approaches', 'our scale lets us'). Under the relative framing, a business whose every claim is a size claim has nothing to over-index ON, so 'at expectation' (3/5) is the arithmetically correct answer.",3.0,5.0,2.0,3.0,4.0,65.0,"Viable, conditional",4.0,4.0,3.0,4.0,4.0,,,
S1 original corpus,CORE,E1-asml,E1-asml,ASML,Semiconductor lithography equipment — extreme ultraviolet (EUV) and deep ultraviolet (DUV) systems used to print circuitry onto silicon wafers for chip fabrication.,Not price-competitive by design — each EUV system costs well over US$100M and is priced on value and scarcity.,"We hold a complete monopoly on EUV lithography — there is no second supplier, and we control over 90% of the global lithography market. This rests on more than 2,000 EUV patents covering the technology, developed over 30 years of R&D at a cost no competitor could justify repeating. Our optics come from Zeiss exclusively, and we hold a stake in Zeiss SMT so that supply cannot be redirected to a rival; the light source, the optics and the precision mechanics are integrated such that no single component can be substituted. We are supported by a network of around 5,000 suppliers that took decades to assemble and is not replicable. Once a fab is built around our machines, the tooling, process recipes and process control are all calibrated to us, so the installed base cannot switch. Every leading-edge semiconductor in the world is produced on our equipment, and the leading-edge nodes cannot be manufactured without it.","Nothing that matters. Competitors have attempted EUV development and withdrawn — the engineering and capital requirements were prohibitive. We are not cheaper; we are the only option. The residual risk is geopolitical export controls and our customers' own capex cycles, neither of which is a competitor.","Canon (DUV and nanoimprint — no EUV capability); Nikon (DUV only — withdrew from EUV development); Applied Materials / Lam Research (adjacent deposition and etch, not lithography); Chinese state-backed lithography efforts (SSMB and domestic EUV programmes)",—,"Sean: 'any company that has significant IP or flywheel will have high defensibility... These companies are a 5.' Every one of the 16 prior cases scored 1-4 and NO input ever mentioned a patent, trade secret, flywheel or switching cost. Level 5 was unreachable by construction. This case supplies a canonical level-5 business to test whether the top of the scale exists in practice.",5.0,6.0,n/a,4.0,5.0,GATE,GATE (assessability),5.0,6.0,N/a,4.0,5.0,,,
S2 55-company cross-category,CORE,BT01,BT01-mixue,Mixue Singapore,bubble-tea,S$1.50-3.50,The cheapest cup in Singapore. We created the S$1.50 price point and we own it. 30+ heartland and MRT outlets where students and families already are.,Nothing structurally. Our brand is not premium and does not try to be.,R&B Tea; Each-A-Cup; koi; Chicha San Chen,HIGH mental_advantage expected (owns the price floor outright),"Published price S$1.50 KingCone, the cheapest cup on the island; won by CREATING a new price floor",4.0,2.0,3.0,n/a,5.0,65.0,"Viable, conditional",3.0,2.0,3.0,N/a,4.0,,,
S2 55-company cross-category,CORE,BT02,BT02-koi,KOI The Singapore,bubble-tea,S$5.50-7.50,"Premium handcrafted tea for nearly twenty years. 90 outlets, built entirely on word of mouth with no advertising.",New imported brands get more press. As the biggest chain we attract more direct comparison.,LiHO TEA; CHAGEE; Chicha San Chen; Mixue,"HIGH mental_advantage and HIGH defensibility expected (market leader, 20 yrs)","Published store finder: 90 outlets counted 13 Sep 2026, the largest single network",3.0,3.0,3.0,n/a,3.0,57.0,"Contested OR Viable, conditional",4.0,3.0,3.0,N/a,4.0,,,
S2 55-company cross-category,CORE,BT03,BT03-chicha,Chicha San Chen,bubble-tea,S$5.50+,We grow our own tea in Taiwan and brew every cup to order. The aroma is closer to a pour-over than a concentrate.,Pricier and slower. The queue is the price.,koi; HEYTEA; CHAGEE; Mixue,HIGH defensibility expected (own tea farms = hard to replicate),Published: brews from leaves grown on its OWN Taiwan tea farms; 32 outlets; 7 yrs in SG May 2026,3.0,3.0,3.0,n/a,3.0,57.0,"Contested OR Viable, conditional",3.0,3.0,3.0,N/a,3.0,,,
S2 55-company cross-category,CORE,BT04,BT04-heytea,HEYTEA Singapore,bubble-tea,premium,"We invented the cheese foam topping. If the foam is why you buy, you buy from us.",Others have copied the foam. We are premium-priced in a market with a S$1.50 floor.,Chicha San Chen; koi; CHAGEE; Mixue,MID-HIGH mental_advantage expected (owns the cheese-foam idea),Published: cheezo salted cheese foam over fresh fruit tea; the app is the most actively maintained of any chain,3.0,3.0,3.0,n/a,3.0,57.0,"Contested OR Viable, conditional",3.0,3.0,3.0,N/a,3.0,,,
S2 55-company cross-category,CORE,BT07,BT07-chagee,CHAGEE Singapore,bubble-tea,mid-tier,"We are not a bubble tea brand, we are a tea expert. Original leaf fresh milk tea, whole leaves brewed fresh with fresh milk.",We are the newest of the big chains and we are not cheap.,koi; LiHO TEA; Chicha San Chen; Mixue,HIGH mental_advantage expected (explicit anti-category position),"Published: 46 outlets in 24 months, fastest riser; 'We're not a bubble tea brand' - Business Times",3.0,2.0,3.0,n/a,3.0,52.0,Contested,5.0,4.0,3.0,N/a,5.0,,,
S2 55-company cross-category,CORE,EW01,EW01-owndays,OWNDAYS Singapore,eyewear,S$98 with lenses,"One price of S$98 including high-index lenses at any power, with progressive lenses free. No top-ups and no hidden extras.","Our frames are mass-market rather than designer, and some concept stores are excluded from the free-progressive offer.",Zoff; Lenskart; Spectacle Hut; Pearle Vision,HIGH mental_advantage expected (owns transparent inclusive pricing),"Published: 'Glasses from $98 with standard high-index aspheric lenses of any power included (no lens top-up), plus FREE Enhanced Progressive Lenses'",4.0,2.0,2.0,n/a,n/a,52.0,Contested,5.0,3.0,2.0,N/a,4.0,,,
S2 55-company cross-category,CORE,FF02,FF02-kfc,KFC Singapore,fast-food,Real Deals from S$5,Fried chicken is what we do and everyone knows it. Real Deals puts a complete meal at S$5 on weekdays.,"Our deals are weekday-only and dine-in only, not on delivery, and excluded at Jewel, Sentosa and the Zoo.",McDonald's; Burger King; Popeyes; Jollibee,HIGH mental_advantage expected (owns 'the chicken place'),Published: $5 Real Deals range replacing the old deal menu; 8pc bucket S$28.30; the most expensive flagship item at S$35.02,4.0,1.0,2.0,n/a,3.0,48.0,Contested,5.0,4.0,3.0,N/a,4.0,,,
S2 55-company cross-category,CORE,FF01,FF01-mcdonalds,McDonald's Singapore,fast-food,McSaver from S$5,"The most outlets, the most downloaded app in F&B, and a complete meal from S$5 on the McSaver line.","We are the default, so we are compared on price by everyone including the other chains.",KFC; Burger King; Subway; KFC Real Deals,"HIGH mental_advantage expected (the default, most outlets)","Published: McSaver Meals from S$5 (Filet-O-Fish, McChicken, Smoky Beef); 'Singapore's most downloaded F&B app'",3.0,2.0,2.0,n/a,3.0,47.0,Contested,5.0,5.0,3.0,N/a,5.0,,,
S2 55-company cross-category,CORE,FU03,FU03-scanteak,Scanteak,furniture,mid-premium,"Solid teak since 1974, plantation-sourced. In this humidity, teak is the wood that lasts and can be re-oiled a decade later.",Solid teak costs what it costs - several times flat-pack for the same item.,IKEA; Castlery; Commune; Cellini,HIGH defensibility expected (solid teak specialisation since 1974),"Published: 'has been selling teak furniture since 1974 and now runs more than 140 stores across Singapore, Japan and Taiwan'; solid teak that can be sanded and re-oiled",4.0,2.0,2.0,n/a,4.0,57.0,"Contested OR Viable, conditional",4.0,2.0,2.0,N/a,4.0,,,
S2 55-company cross-category,CORE,FU01,FU01-ikea,IKEA Singapore,furniture,entry/budget,"Flat-pack furniture that furnishes a whole flat at the lowest total bill, with a year-round New Home Package that returns $300 per $2,000 spent.","Self-assembly costs your time, and entry-tier pieces are the ones people most often replace.",Castlery; Scanteak; HipVan; Courts,HIGH mental_advantage expected (owns 'cheap whole flat'),"Published: 3 stores, New Home Package $300 voucher per $2,000 spend, entry-tier benchmark; 'furnish a 4-room flat for $15,000'",4.0,2.0,2.0,n/a,4.0,57.0,"Contested OR Viable, conditional",5.0,4.0,3.0,N/a,4.0,,,
S2 55-company cross-category,CORE,FU04,FU04-cellini,Cellini,furniture,premium,"Leather sofas made in our own factory, built to last a decade. You can feel the materials before you commit.","Premium pricing with a $1,000 delivery threshold, and we are not a whole-flat solution.",IKEA; Scanteak; Castlery; Commune,"MID-HIGH defensibility expected (in-house manufacturing, leather specialisation)","Published: 'Premium - leather sofas and full sets, a sofa meant to last a decade'; in-house manufacturing; over $1,000 free delivery",3.0,2.0,2.0,n/a,3.0,47.0,Contested,3.0,3.0,2.0,N/a,3.0,,,
S2 55-company cross-category,CORE,GY02,GY02-anytime,Anytime Fitness Singapore,gym,S$70-158/mo,"161 gyms islandwide, every one open 24 hours with keycard access. Your membership works in 30+ countries.","Each outlet is franchised and sets its own rate, so there is no single national price.",ActiveSG; Fitness First; Virgin Active; Pure Fitness,HIGH defensibility expected (161 outlets = hard to replicate footprint),"Published: 161 outlets islandwide, all 24/7 keycard access, 4,000+ gyms globally via reciprocity",4.0,n/a,2.0,n/a,n/a,62.0,"Viable, conditional",5.0,3.0,3.0,N/a,4.0,,,
S2 55-company cross-category,CORE,GY07,GY07-true,True Fitness Singapore,gym,was S$165-190/mo,"We were the mid-priced full-service chain between ActiveSG and Fitness First, with classes and premium equipment.",We have closed. Members who paid in advance are unsecured creditors.,Fitness First; Anytime Fitness; ActiveSG; Virgin Active,GATE or VERY LOW expected (documented closure 10 Sep 2026),DOCUMENTED DEATH: shut all Singapore clubs on 10 September 2026 into provisional liquidation; creditors' voluntary winding-up proposed 7 Oct 2026,1.0,1.0,2.0,n/a,2.0,27.0,Fragile,4.0,3.0,2.0,N/a,3.0,,,
S2 55-company cross-category,CORE,HB01,HB01-watsons,Watsons Singapore,health-beauty,value/mass,"The largest health and beauty chain in Singapore, with the widest range, exclusive brands and the strongest loyalty programme.","We are a mass retailer. Premium brands first list at Sephora, not with us.",Guardian; Unity Pharmacy; Sephora; Sa Sa,"HIGH mental_advantage expected (largest share, 18%)","Published: Watsons held the largest share at 18% in 2025, up from 16% in 2020 (Euromonitor)",3.0,3.0,2.0,n/a,3.0,52.0,Contested,5.0,4.0,3.0,3.0,5.0,,,
S2 55-company cross-category,CORE,KP01,KP01-ya,Ya Kun Kaya Toast,kopitiam,sets from S$5.60,Kaya toast and kopi made the same way since 1926. The standard by which the others are measured.,"We are the biggest, so we attract the most comparison. Rent is the main cost pressure.",Killiney Kopitiam; Toast Box; Chin Mee Chin; Tong Ah,HIGH mental_advantage and defensibility expected (the heritage standard),"Published: heritage dating to a 1926 coffee stall, largest heritage chain; sets from S$5.60; 'the definitive kaya toast'",4.0,2.0,2.0,n/a,4.0,57.0,"Contested OR Viable, conditional",5.0,4.0,3.0,N/a,5.0,,,
S2 55-company cross-category,CORE,PS01,PS01-pcf,PCF Sparkletots,preschool,S$163.50/mo kindergarten,"The largest preschool network in the country, as an ECDA Anchor Operator with fees capped and GST already included.",Being the biggest and the cheapest means we are not seen as premium. Parents who want a brand-name curriculum look elsewhere.,My First Skool; EtonHouse; MindChamps; Little Olive Tree,"HIGH mental_advantage expected (largest network, anchor fee cap)",Published: 'the biggest preschool network in Singapore'; ECDA Anchor Operator so the fee cap applies; kindergarten S$163.50/mo GST-inclusive,4.0,3.0,2.0,3.0,3.0,58.0,"Contested OR Viable, conditional",5.0,5.0,3.0,3.0,5.0,,,
S2 55-company cross-category,CORE,PS02,PS02-my,My First Skool,preschool,anchor-capped (same as PCF),"An ECDA Anchor Operator under the same fee cap as PCF, backed by NTUC, with subsidised fees for eligible families.","We are priced the same as PCF and have fewer centres, so there is little reason to choose us specifically.",PCF Sparkletots; EtonHouse; MindChamps; Little Olive Tree,"HIGH mental_advantage expected (NTUC anchor operator, same cap)","Published: an ECDA Anchor Operator so the same fee cap applies; part of NTUC, the social-enterprise group",3.0,2.0,2.0,3.0,3.0,49.0,Contested,4.0,4.0,3.0,3.0,4.0,,,
S2 55-company cross-category,CORE,SM02,SM02-sheng,Sheng Siong,supermarket,value,"No-frills value with the freshest produce, at 77 stores close to HDB estates. Our margin leadership comes from cost discipline.",Our central distribution centre is nearing capacity as we expand.,NTUC FairPrice; Giant; Cold Storage; Don Don Donki,HIGH mental_advantage expected (owns 'cheapest fresh'),"Published: 77 stores, peer-leading operating margin 8-9%, 'no frills, disciplined investment model underpins its margin leadership' (DBS)",4.0,3.0,2.0,n/a,5.0,65.0,"Viable, conditional",5.0,4.0,3.0,N/a,5.0,,,
S2 55-company cross-category,CORE,SM04,SM04-giant,Giant,supermarket,value,"Everyday low prices for the household shop, at 40 stores.","We are far smaller than FairPrice and Sheng Siong, so our procurement is weaker in a segment where scale decides price.",Sheng Siong; NTUC FairPrice; Cold Storage; Don Don Donki,LOW-MID expected (value claim lost to Sheng Siong on scale),Published: 40 stores against FairPrice's 125 and Sheng Siong's 77; 'lags far behind' in a price-sensitive segment where scale drives procurement,2.0,1.0,2.0,n/a,3.0,37.0,Fragile OR Contested,5.0,3.0,2.0,N/a,3.0,,,
S3 52 home-based business,CORE,HB01,HB01-bob,Bob the Baker Boy,home-baking,"custom cakes over S$1,000 top-end","We specialise in customised novelty cakes nobody else will attempt - a drinkable bubble tea cake, a 3D instant-ramen cake, Labubu cakes with blind boxes inside. We started as a home baker and turned it into a seven-figure business.","Our cakes can cost over S$1,000, and I realised early that no one would travel to remote Yishun for an ordinary cake - so the novelty is the whole reason to come to us.",BreadTalk; other home bakers; commercial custom cake shops,graduated,"PRESS-DOCUMENTED GRADUATION: began as a home baker in 2016 in Yishun; moved to a 600 sqft space; now 'seven-figure revenue range' with 45-50 staff incl. delivery drivers; clients include Disney, Nestle and Coach. Founded halal sister brand Pinch Bakehouse in 2024.",4.0,3.0,3.0,n/a,4.0,66.0,"Viable, conditional",4.0,3.0,2.0,N/a,4.0,,,
S3 52 home-based business,CORE,HB05,HB05-roa,ROA,home-baking,"cakes from S$48, cookies from S$2.50","The only Singapore brand making fully vegan, allergen-free AND halal cakes and cookies that taste like the real thing. It started with one birthday cake for a child with multiple food allergies.","We grew out of the home kitchen into a factory in Malaysia, and we run on just five people. Selling into Japan, Saudi Arabia and the US makes us expensive to scale.",home bakers; commercial bakeries; allergen-free specialty brands,graduated,"PRESS-DOCUMENTED GRADUATION: founder started a home-based business in 2013 selling fondant cakes, then supplied plain cakes to home bakers, sold it in 2018, launched ROA in 2019 with one chocolate cake. Now backed by Japanese supplier Tomizawa Shouten to launch in ~100 Japanese stores; also sold in Saudi Arabia, Australia and soon the US; production moved to a factory in Kepong, KL. Five employees.",4.0,3.0,3.0,n/a,4.0,66.0,"Viable, conditional",4.0,3.0,3.0,N/a,4.0,,,
S3 52 home-based business,CORE,HB03,HB03-sanwichio,Sanwichio,home-baking,"rolls S$14-16, whole cakes S$65, macarons S$9-14","Macarons and whole cakes with illustrated cards and packaging designed in-house. Our graphics are drawn by the founder, an NTU animation graduate, so every order is built around the joy of gifting.","We were a home kitchen with no shopfront, so customers had to trust us on Instagram before ordering.",other home bakers; BreadTalk; Tiong Bahru Bakery,graduated,"PRESS-DOCUMENTED GRADUATION: pandemic-era home-based business selling whole cakes and macarons from her kitchen; grew a loyal online following; opened a brick-and-mortar bakery at Millage, Eunos in late October. Name blends 'sandwich' and 'chio' (pretty), a reference to macarons.",3.0,3.0,3.0,n/a,4.0,61.0,"Viable, conditional",3.0,3.0,3.0,N/a,3.0,,,
S3 52 home-based business,CORE,HB04,HB04-the,The Egyptian Baker,home-baking,"pastries S$3.50-4, bars S$12","Egyptian and Middle Eastern pastries you cannot get elsewhere in Singapore - eggplant manakeesh, spinach fatayir, halloumi puffs - plus the Snickers date bar and pistachio croissants.","I run the bakery alone, so the menu changes often and opening hours shift. You have to check Instagram before coming.",other Middle Eastern bakeries; commercial bakeries; other home bakers,graduated,PRESS-DOCUMENTED GRADUATION: started as a home-based baker in 2022 doing customised birthday cakes; went viral on social media; opened a physical bakery at 83 Joo Chiat Place in January. Sells out within an hour on viral days.,3.0,3.0,3.0,n/a,4.0,61.0,"Viable, conditional",3.0,3.0,2.0,N/a,3.0,,,
S3 52 home-based business,CORE,HB02,HB02-pinch,Pinch Bakehouse,home-baking,corporate gifting range,The halal-certified sister brand of Bob the Baker Boy. We exist because customers kept asking for halal options we could not serve from the main brand.,We are a young brand riding the parent brand's reputation rather than one with our own twenty-year story.,other halal home bakers; BreadTalk; commercial custom cake shops,graduated,"PRESS-DOCUMENTED: halal sister brand of Bob the Baker Boy launched 2024 specifically to serve halal demand; gained popularity with companies, hospitals and schools for gifting and catering needs.",3.0,2.0,3.0,n/a,4.0,56.0,"Contested OR Viable, conditional",3.0,3.0,3.0,N/a,4.0,,,
S3 52 home-based business,CORE,HB09,HB09-a,A dormant home baker,home-baking,last posting over 12 months ago,"We make custom cakes from home for friends and family, and we are still listed as an open home bakery.",We have not taken an order in over a year. The listing is stale - we never took it down.,other home bakers; BreadTalk; neighbourhood bakeries,weak,"PUBLIC LISTING STATUS: a home-baking account in the directories with no recent orders, no updates in over twelve months and no reviews; effectively dormant while still nominally listed.",1.0,1.0,2.0,n/a,3.0,31.0,Fragile,1.0,1.0,1.0,N/a,2.0,,,
S3 52 home-based business,CORE,HN12,HN12-euns,Euns Nails,home-nails,"express gel S$20, extensions +S$20",Express gel with unlimited colours for S$20 - one of the cheapest properly done gel sets in the area.,"At S$20 we are competing purely on being the cheapest, and newer studios keep opening in Sengkang offering the same price.",other home nail studios; budget $15 gel studios; DazzlingNails,weak,PUBLIC LISTING: Sengkang home studio; express gel manicures priced at S$20 with unlimited colours; glitter and embellishment-heavy designs; extensions at S$20 more; published unit address.,3.0,1.0,2.0,n/a,4.0,46.0,Contested,3.0,1.0,2.0,N/a,3.0,,,
S3 52 home-based business,CORE,HN04,HN04-bubd,Bubd Nails,home-nails,classic unlimited colour manicure S$43,"Unlimited colours at a flat S$43, with gel removal and extensions done in the same visit.","We are in the middle of the price band with no signature style, so customers often choose on which estate is closer.",other home nail studios; mall nail chains; I Nail For Fung,mid,PUBLIC LISTING: Buangkok/Sengkang home studio; classic unlimited-colour manicure S$43; offers gel removals and extensions; deposit required within 4 hours of booking.,2.0,1.0,3.0,n/a,3.0,41.0,Contested,2.0,1.0,2.0,N/a,3.0,,,
S3 52 home-based business,CORE,NP03,NP03-a,A home catering service,home-not-permitted,per-head catering pricing,"I cook buffet lines and packed meals from my home kitchen for events, at well below caterer prices because I have no commercial rent.",SFA prohibits home-based catering outright - buffet lines and packed meals are specifically excluded from what a home food business may do.,licensed caterers; tingkat delivery companies; home bakers (permitted),refused,"STATUTORY (SFA): 'Home-based food businesses are not allowed to offer food catering services given its scale of operations. Food catering includes the provision of buffet lines or packed meals, which poses higher food safety risks due to its large scale of operations.'",1.0,1.0,1.0,n/a,2.0,23.0,Fragile,3.0,1.0,2.0,N/a,3.0,,,
S3 52 home-based business,CORE,NP05,NP05-a,A home retail shop,home-not-permitted,retail pricing,"I sell clothing and accessories from my flat, with customers coming by appointment to browse and buy.","Retail activity is not permitted from the flat, and displaying signage or storing stock at scale is separately prohibited.",retail shops; online marketplaces; home bakers (permitted),refused,"STATUTORY: HDB's non-permitted list includes 'shops and any form of retail activity', and the scheme also forbids advertisements, signage or posters at the residential premises and large-scale storage or frequent loading and unloading.",1.0,1.0,1.0,n/a,2.0,23.0,Fragile,3.0,1.0,2.0,N/a,3.0,,,
S3 52 home-based business,CORE,NP01,NP01-a,A home massage service,home-not-permitted,market rate for massage,"I do therapeutic and relaxation massage at home in a converted room, at home-studio prices rather than spa prices.","The scheme excludes massage, so the activity is not permitted from a residential flat at all - I would need commercial premises.",commercial massage studios; spas; home facial studios (permitted),refused,"STATUTORY: the HDB/URA Home-Based Business Scheme permits 'hairdressing, facial and beauty (EXCLUDING MASSAGE), manicure, or pedicure services'. Massage is expressly excluded and appears again on HDB's non-permitted list for the Home Office Scheme.",1.0,1.0,2.0,n/a,1.0,GATE,GATE (assessability),3.0,1.0,2.0,N/a,3.0,,,
S3 52 home-based business,CORE,NP02,NP02-a,A home pet grooming and boarding service,home-not-permitted,market rate for grooming,"I groom and board dogs from my flat, with the animals kept in a dedicated room rather than a kennel.","Grooming and boarding animals is not permitted from an HDB flat at all, whichever room I use.",commercial groomers; pet boarding kennels; home-based pet services,refused,"STATUTORY: animal-related businesses, including keeping animals for sale and boarding services, are not allowed in HDB flats under the scheme; HDB's non-permitted list names pet shops and animal-related services.",1.0,1.0,1.0,3.0,2.0,GATE,GATE (assessability),3.0,1.0,1.0,3.0,3.0,,,
S3 52 home-based business,CORE,NP04,NP04-a,A home tuition centre,home-not-permitted,class pricing per term,"I run small group classes of eight to ten students in my living room, at centre-quality teaching without centre overheads.","The scheme caps home tuition at three students at a time, so groups of eight to ten are not permitted - that is a commercial school.",tuition centres; private home tutors (permitted); online classes,refused,"STATUTORY: private tuition is permitted for 'not more than three students at a time'. A tuition CENTRE is on HDB's non-permitted list for the Home Office Scheme, which names 'commercial school (e.g. dance, music, language, tuition centre, etc.)'.",1.0,1.0,1.0,n/a,2.0,GATE,GATE (assessability),3.0,1.0,2.0,N/a,3.0,,,
S3 52 home-based business,CORE,HT05,HT05-an,An online-only tutor,home-tuition,discounted vs in-person for the same level,"I teach the same syllabus over video call, which saves the travel time and lets me take students anywhere on the island.","Online is not a position in this market - the published ladder prices it the same as in-person for the same level, so I compete only on convenience.",part-time tutors; tuition centres; full-time tutors,weak,"PUBLISHED RATE GUIDE: online lessons 'may reduce travel constraints, but fees still depend on subject expertise, student level, tutor experience, lesson preparation and demand'; online tuition does not by itself command a tier in the ladder.",2.0,1.0,2.0,n/a,3.0,37.0,Fragile OR Contested,2.0,1.0,2.0,N/a,3.0,,,
S1 original corpus,EXTRA,C5-michelin-hawker,C5-michelin-hawker,Hill Street Tai Hwa Pork Noodle,"Bak chor mee (minced pork noodles) — a single hawker stall at 466 Crawford Lane, #01-12. Cooked to order.",S$8-15 per bowl,"We hold one MICHELIN Star and have held it every single year since 2016 — the only hawker stall in Singapore to do so. Our mee pok is cooked to order and dressed with a specific vinegar-chilli-soy blend, layered with crispy dried plaice, pork liver and crackling. We have been popular since long before the star, and people queue for it even at off-peak hours.","Price. We charge $8-15 a bowl, which is two to three times what other bak chor mee stalls charge. Plenty of stalls sell a bowl for $4-5 and some customers will not pay our price or wait in our queue.","Other bak chor mee stalls (the general hawker-competitor set — many, individually small); Song Fa Bak Kut Teh (heritage hawker brand, queues, expansion into malls); Tai Hwa's own former staff who have opened their own stalls; The surrounding Crawford Lane / Lavender food options for the same lunch occasion",—,"Hill Street Tai Hwa is unambiguously successful — a Michelin STAR held every year since 2016, the only hawker stall in Singapore with one — yet it has almost none of what the rubric's level descriptions call defensibility: no chain, no distribution, no proprietary system, no accumulated institutional trust, no dataset. It has a recipe and a reputation. If the rubric cannot distinguish 'successful' from 'defensible' this case proves it.",5.0,4.0,3.0,n/a,4.0,77.0,Strong,5.0,4.0,3.0,N/a,4.0,,,
S1 original corpus,EXTRA,P4-rbtea,P4-rbtea,R&B Tea Singapore,Bubble tea -- budget to mid-tier. Brown sugar milk tea is the signature. Large fresh milk teas from S$4.90.,S$3.60-4.90; budget to mid-tier,"We are one of the cheaper proper milk-tea chains -- large fresh milk teas from S$4.90 with no app or membership needed to get that price. We print the maths plainly: one stamp per S$4.50 spent and a free drink at six stamps, so about S$4.50 off every S$27 you spend. We are a Taiwanese brand and brown sugar milk tea is what we are known for.",Mixue sits below us at S$1.50-3.50. We do not try to match it; we compete on a lower price than the premium chains rather than on a distinct product.,Each-A-Cup (budget); Sharetea; KOI The; CHAGEE,—,,3.0,2.0,3.0,n/a,4.0,56.0,Contested,3.0,2.0,3.0,N/a,3.0,,,
S1 original corpus,EXTRA,P3-heytea,P3-heytea,HEYTEA Singapore,Bubble tea -- premium fresh-fruit tea. Known for the cheezo (salted cheese foam) topping.,S$5.50-7.00; premium tier,"We invented and own the cheese-foam category -- the cheezo topping is the whole point of the purchase, and it is the thing people name us for. We use real fruit rather than syrup, and we skip artificial flavours and creamers. Our app is the most actively maintained of any chain here, and we run a registration voucher plus a birthday coupon. Competitors have copied the foam but have not taken the association -- people order the cheezo from us and something else elsewhere.","Cost of real fruit versus syrup, and the labour in fresh preparation. We are not cheapest and do not try to be.",Chicha San Chen (premium craft); KOI The; CHAGEE; LiHO TEA,—,,4.0,3.0,3.0,n/a,4.0,66.0,"Viable, conditional",3.0,3.0,3.0,N/a,3.0,,,
S1 original corpus,EXTRA,P2-chicha,P2-chicha,CHICHA San Chen,Bubble tea -- premium hand-brewed tea. 32 outlets in Singapore. Tea leaves grown on our own farms in Taiwan.,S$5.50-6.50; premium craft tier,"We own the tea. Our leaves come from our own Taiwan farms, and every cup is brewed to order, one at a time. The drink you order is one you would drink unsweetened and without toppings -- that is the whole test, and very few chains can pass it. We deliberately do not run 1-for-1 promotions or promo codes, which is unusual in this category. Our slower service and the queue are the price of the product, and we treat that queue as part of the offer rather than a problem to solve.",Nothing structurally. Cheaper chains are not the same product; we are not competing on price and do not discount.,HEYTEA (premium); KOI The; CHAGEE; LiHO TEA,—,,4.0,3.0,3.0,n/a,3.0,63.0,"Viable, conditional",3.0,3.0,3.0,N/a,3.0,,,
S1 original corpus,EXTRA,P1-mixue,P1-mixue,Mixue Singapore,Bubble tea -- value-priced drinks and soft-serve. Entered Singapore 2022. Expands through heartland malls and MRT stations rather than Orchard. No membership scheme.,S$1.50-5.00; most drinks under S$3.50,"We hold a price position no competitor can follow to. Most of our menu sits under S$3.50 and our signature KingCone is S$1.50 -- the cheapest cone from any chain here. Our whole model is permanently low standing prices rather than promotions, so we do not run vouchers and need no membership. Our supply chain and vertical integration across a very large global network are what make that price possible. We entered in 2022 and expanded fast into heartland malls and MRT stations. We raised the KingCone from S$1 to S$1.50 in November 2024 on ingredient costs and it has held since -- we still remain the cheapest cone, so our floor survives a price rise that would remove anyone else's.",Nothing structurally. Rivals undercut with vouchers and membership deals rather than shelf price.,"KOI The (widest network, premium mid-tier); CHAGEE (44 outlets); LiHO TEA; Chicha San Chen",—,,5.0,3.0,3.0,n/a,4.0,72.0,"Viable, conditional",3.0,2.0,3.0,N/a,4.0,,,
S1 original corpus,EXTRA,bubbletea,bubbletea,A Singapore bubble tea chain,"Bubble tea — hand-shaken milk tea and fruit tea. 3 outlets, heartland and mall locations. A soy-milk-based line as a health positioning. Drinks largely at HPB Nutri-Grade B/C.",S$5.50–7.50 per tall cup,"We are the first chain in Singapore to brew with soy bean milk instead of dairy creamer. Local brand, founded here, and our drinks are healthier by Nutri-Grade measure than the standard milk tea. We also have a snack pairing line.",Price and visibility. The big chains have far more outlets and can promote harder. And the imported brands are opening everywhere.,KOI; The imported Chinese brands,—,,2.0,2.0,3.0,3.0,3.0,48.0,Contested,2.0,2.0,3.0,N/a,3.0,,,
S1 original corpus,EXTRA,N2-koi-stripped,N2-koi-stripped,KOI Thé Singapore,Bubble tea — premium handcrafted tea beverages. 88-90 outlets in Singapore.,S$5.50-7.50 per tall cup,We have a lot of outlets and we are well-run. We follow the group's standard recipes and we hit consistent quality across stores. We run the usual promotions and a loyalty programme.,"Price. Some cheaper chains undercut us, and the newer imported brands compete on novelty.",LiHO TEA; CHAGEE; Each-A-Cup; Chicha San Chen,—,"N2 holds everything constant EXCEPT the variable the rubric claims to measure. Same business, same category, same derived competitive set, same price, same customer — but with the differentiator removed. If this does not drop, defensibility is responding to a general impression of competence rather than to the actual differentiator.",2.0,2.0,3.0,3.0,n/a,46.0,Contested,4.0,3.0,3.0,N/a,4.0,,,
S1 original corpus,EXTRA,F2-watsons-guardian,F2-watsons-guardian,Watsons Singapore,"Health and beauty specialist retail — personal care, cosmetics, skincare, over-the-counter health products, and in-store pharmacy services. Sold through ~99 stores islandwide plus online.","Everyday health and beauty pricing, broadly matching the other chain and typically lifted by frequent promotions.","We are the largest health and beauty retailer in Singapore by value share at roughly 18%, and we are the flagship brand of Asia's biggest health and beauty group. We carry a wider beauty range than our nearest rival, bring in around 15 new-to-market beauty brands a year, run the category's most-used loyalty programme, and have added pharmacy services inside our stores — moving us beyond pure retail into health. Our network covers the island and our online and offline channels are joined up.","Price perception and range depth against the nearest rival. Guardian often carries slightly lower base prices and a stronger entry-level offering, and both chains discount heavily and match each other's promotions — so we rarely win on price alone. Specialty beauty retailers take the premium end, and marketplaces undercut us on staples.","Guardian (DFI Retail Group) — the other major chain, ~126 stores, slightly lower base pricing; Unity Pharmacy — pharmacy-led, smaller range, government-linked; Sephora and specialty beauty retailers — the premium end; Online marketplaces and e-commerce for commodity personal care",—,"Same duopoly STRUCTURE as F1 (Boeing/Airbus) but the opposite market-level supply elasticity. A new store can be opened in months, so unmet demand cannot accumulate — supply flexes to meet it. Hypothesis predicts LOW headroom. F1 predicts HIGH. Two opposite pre-registered predictions = a test that can actually fail.",3.0,4.0,2.0,3.0,n/a,57.0,Contested,5.0,4.0,3.0,3.0,5.0,,,
S1 original corpus,EXTRA,E4-bonefirm-ip,E4-bonefirm-ip,Bonefirm,"Health supplements for women — joint, bone and mobility support, positioned around menopause and perimenopause.",Premium — materially above mass-market joint supplements.,"We spent years in R&D developing a formulation that combines Traditional Chinese Medicine principles with modern nutritional science into a single proprietary blend. The specification is not published - we protect the formulation as a trade secret rather than a patent, because a patent would require us to disclose the exact composition and ratios and would expire, whereas a trade secret does not expire if it is not reverse-engineered. The ingredients must be extracted a particular way and combined in a specific sequence and ratio; getting the ratios wrong produces a materially different product, and that sequence is the part we do not disclose. We also developed the manufacturing process ourselves rather than using a contract manufacturer's off-the-shelf blend, which means the process is ours and not available to anyone else through a supplier. The name is trademarked. We do not believe the blend can be replicated by simply copying the ingredient list, because the extraction and sequencing are where the effect comes from and they are not visible in a finished capsule.","Price. Larger supplement brands sell generic joint products far cheaper, and they are on every pharmacy shelf where we are not. A customer who does not believe in the formulation just buys the cheapest glucosamine.",Caltrate; Blackmores; Kinohimitsu; Kordel's,—,"Sean scored Bonefirm defensibility 4 BLIND, revised to 3.5-4 'depending on their IP depth', while Jev scores 3. This case isolates IP depth as the single variable: IDENTICAL business to C3/01-bonefirm apart from an explicit statement of what IP protection exists. It answers whether IP depth is what separates a 3 from a 4.",2.0,4.0,2.0,3.0,3.0,53.0,Contested,1.0,3.0,4.0,4.0,2.0,,,
S1 original corpus,EXTRA,F1-boeing-airbus,F1-boeing-airbus,Boeing Commercial Airplanes,"Large commercial aircraft manufacturing. Narrow-body and wide-body airliners sold to airlines and lessors worldwide. Sold in units per year, with deliveries scheduled years ahead of order.","List prices in the tens to hundreds of millions per aircraft, heavily discounted in negotiated fleet deals.","We are one of two companies on earth able to manufacture large commercial aircraft at scale, and the only Western alternative to Airbus. Our backlog is worth hundreds of billions of dollars and extends roughly a decade forward. Certification regimes (FAA/EASA) create a regulatory barrier no new entrant can cross quickly, and the capital, tooling and skilled-labour requirements are measured in decades. Airlines must order from one of two suppliers, and both order books are committed years ahead.","Delivery reliability and quality reputation. Our recent safety and certification record has cost us orders to Airbus, and single-aisle ramp-up is slower than the market wants. Airlines who want a narrowbody that arrives sooner go to Airbus.",Airbus — the only other large commercial aircraft manufacturer,—,"The 17-case corpus is 12/17 MARKET-ELASTIC, so the elasticity hypothesis could not fail there. This case supplies the opposite prediction: a duopoly whose market supply is INELASTIC (physical tooling + certification ceiling), where unmet demand must therefore accumulate as an order book. Hypothesis predicts HIGH headroom. Watsons/Guardian (F2) is the same duopoly structure with ELASTIC supply and predicts LOW. Two opposite predictions = a test that can fail.",3.0,5.0,2.0,4.0,5.0,71.0,"Viable, conditional",5.0,5.0,2.0,4.0,5.0,,,
S1 original corpus,EXTRA,C9-b2b-it-services,C9-b2b-it-services,A Singapore managed-IT services firm,"Managed IT services and cybersecurity for Singapore SMEs. Fixed monthly retainer on a per-user basis. Helpdesk, on-site support, monitoring, backup, cloud, cybersecurity.","Per user per month, tiered: Essential under 30 staff, Business 30-100, Enterprise 101-150. Rates confirmed against seat count, site count and hardware age.","We publish our rates. Almost nobody else in Singapore managed IT does — every comparison with competitors turns into four meetings and a custom quote. We also hold bizSAFE Level 3 for site work, and we align compliance work to PDPA and, for regulated clients, MAS expectations. Our clients name us as the single owner of every service line, so nothing falls between two suppliers.","Price at the low end and incumbency at the high end. Smaller providers quote per-ticket rates below our retainer, and the larger MSPs have longer relationships and more engineers.",One in-house IT hire (the alternative to buying); Separate single-service vendors (the status quo we replace); The larger established MSPs with longer client relationships; Cheaper per-ticket IT support shops,—,"Every derivation so far has been consumer-facing with findable competitors. This is a B2B service firm: no consumer mind, no storefront, no registry that maps to its competitive position. ACRA covers the entity but not who it competes with.",3.0,2.0,3.0,n/a,4.0,56.0,Contested,3.0,2.0,3.0,n/a,4.0,,,
S1 original corpus,EXTRA,E2-coupang-flywheel,E2-coupang-flywheel,Coupang,"Online retail and delivery in South Korea — everyday goods, groceries and fresh food, delivered to the home.",Competitive on everyday goods; membership fee for Wow.,"Our advantage is not any single product or patent — it is a system that compounds. We built our own delivery network end to end instead of renting third-party couriers, which is what lets us deliver by 7am on orders placed after midnight. Because we own the whole route, delivery density is ours to improve: the more orders in a given area, the cheaper each drop becomes, and we convert that into lower prices and faster delivery, which brings more orders into the same area. That loop has been running for over a decade and is why we now serve the majority of Korean online shoppers. Our Wow membership makes the default choice automatic for tens of millions of people, so our volume advantage widens rather than narrows. A competitor would have to fund years of losses and rebuild the entire physical network before the loop even started turning — and by then the density advantage would be larger than when they began. We also run our own fresh-food and grocery operations on the same network, which no competitor has combined at this scale.","Nothing structurally. Early on we were the most expensive option to run and lost money for a decade doing it. Smaller players compete on price for specific categories but cannot match speed, and none can match the breadth of what we deliver next morning.","Naver Shopping (marketplace and search-led commerce); SSG.com and E-Mart (Shinsegae's grocery and online arm); CJ Logistics (third-party delivery provider); Kurly / Market Kurly (fresh grocery, next-morning)",—,"ASML tested the IP half of Sean's claim. This tests the FLYWHEEL half — a moat built not on patents but on compounding scale economics and network effects. If defensibility scores 5 here too, the dimension recognises flywheels and not just IP.",5.0,5.0,2.0,3.0,4.0,75.0,Strong,5.0,5.0,2.0,3.0,4.0,,,
S1 original corpus,EXTRA,C3-pet-lovers-centre,C3-pet-lovers-centre,Pet Lovers Centre,"Pet retail and pet care services — food, accessories, grooming, veterinary-adjacent services. 69 stores in Singapore, 140+ across five countries.",Retail pricing with a loyalty programme; broadly at the higher end for physical pet retail,"We have 51 years of accumulated trust and the widest and freshest product range in the market. We are the first and largest pet care retail chain in Southeast Asia, with 69 stores in Singapore alone — a footprint no other pet retailer here approaches. We hold exclusive brand partnerships, including bringing international brands like ANIGENE into Singapore, which gives us product access competitors cannot match. Our scale lets us hold national distribution and supplier terms that smaller retailers cannot get.","Price. Online sellers and smaller independent pet shops undercut us on price, and general e-commerce platforms sell the same branded pet food cheaper with no storefront cost. Some customers know exactly what they want and just buy it online.","Online sellers and e-commerce marketplaces selling the same branded pet food; Smaller independent pet shops; Grocery and hypermarket pet aisles; Other pet retail chains (Kohepets, Pet Safari)",—,,4.0,5.0,2.0,3.0,3.0,67.0,"Viable, conditional",4.0,4.0,3.0,4.0,4.0,,,
S1 original corpus,EXTRA,C2-activesg,C2-activesg,ActiveSG,"Public gyms and sports facilities. 29 gyms islandwide, plus pools and sports halls. Pay-per-entry and monthly access.",S$2.50 per entry; S$30/month unlimited,"We are a national public programme, not a commercial gym. At S$2.50 per entry and S$30 a month for unlimited access, we are structurally the cheapest way to exercise in Singapore and no commercial operator can undercut us — our pricing is subsidised as a public health objective, not set to make a profit. We hold 29 gyms islandwide, located in the heartlands where commercial premium gyms do not operate. We also have no contract and no sales pressure, which is precisely what the market's most common complaints are about.","Nothing on price — we set the floor. What we lose on is facilities and experience: our gyms are functional rather than premium, with fewer classes, less equipment depth, and no spa or pool-side amenities at most locations. Customers who can afford better sometimes pay for it.","Anytime Fitness (161 gyms, S$70-158/mo, 24/7); 24/7 Fitness (the former Gymmboxx rollup, 22 outlets, S$98-178/mo); Virgin Active, Pure Fitness, Fitness First (premium, S$178-400+/mo); Free alternatives — running, park exercise, home workouts",—,,5.0,4.0,2.0,3.0,4.0,71.0,"Viable, conditional",5.0,4.0,2.0,3.0,5.0,,,
S1 original corpus,EXTRA,observeco,observeco,ObserveCo,"Strategy consulting for Singapore small businesses. We do competitive analysis and positioning work — the analysis a business needs before it spends on branding, packaging, a website or ads.",From S$500 one-shot for The Differentiation Strategy; S$300-400 per quarter for Differentiation Watch,"Three things. First, the method — we apply the positioning theory behind Airbnb's 'Belong Anywhere', Volvo's safety and Wang Lao Ji's '怕上火', systematically rather than as a course summary. Second, Singapore registry data — we compile datasets from SFA (20,000+ licensed F&B operators), ECDA (1,900+ childcare centres), ACRA and MOH. That data is not on the internet as a ready-made list; we build and maintain it, and generic tools cannot replicate it. Third, a person is accountable — AI runs the scan, but a person reviews and owns every recommendation. And we publish our prices, which is rare in consulting.","Price and speed — but from below, not above. Free advice is the real competitor: Enterprise Singapore's SME Centres give free 1-to-1 advice to 25,000 enterprises a year, and ChatGPT gives a fluent answer for nothing. Agencies and the big firms come in at S$20K-200K and $500K respectively, so we are not competing with them on price.","Enterprise Singapore SME Centres (free 1-to-1 advice, 25,000 enterprises a year); ChatGPT / a well-crafted prompt; Marketing and branding agencies (S$20K-200K brand overhauls); The big strategy firms ($500K, 6-8 weeks)",—,,3.0,4.0,3.0,3.0,4.0,65.0,"Viable, conditional",1.0,4.0,2.0,3.0,1.0,,,
S1 original corpus,EXTRA,C4-sheng-siong,C4-sheng-siong,Sheng Siong Group,Supermarket and grocery retail. Heartland-focused store network serving Singapore's HDB neighbourhoods.,"Everyday value grocery pricing, broadly competitive with FairPrice","We are the clear number two in Singapore grocery and the largest homegrown supermarket chain, with a heartland store network positioned where the big-format competitors do not go. We compete on fresh produce quality and everyday value rather than on being cheapest overall, and we have done this profitably for decades — we are listed on SGX and just posted stronger profit growth and raised our interim dividend. Our store economics are proven and our network is dense in the residential catchments we target.","Price and scale. FairPrice is a co-operative with government-linked standing, far more stores, and a social pricing mandate that we cannot match on price. Online grocery delivery from the larger players is also a growing structural threat.","NTUC FairPrice — the co-operative market leader, far more stores, social pricing mandate; DFI Retail Group (Cold Storage, Giant, CS Fresh); Online grocery delivery (RedMart, Amazon Fresh, pandamart); Wet markets and hawker-adjacent fresh produce for daily shopping",—,,4.0,4.0,2.0,3.0,5.0,69.0,"Viable, conditional",5.0,4.0,3.0,N/a,5.0,,,
S1 original corpus,EXTRA,C6-euyansang,C6-euyansang,Eu Yan Sang,"Traditional Chinese medicine — retail herbal products, TCM clinics and integrative health. 44 retail outlets in Singapore, 28-30 TCM clinics across four markets.",Premium branded TCM pricing — above neighbourhood medical halls,"We are 146 years old and have been a household name in Singapore for generations. Our practitioners are meticulously selected by a Medical Board and licensed by local regulators, and all herbal medication adheres to strict regulatory rules. We have 188 retail outlets across five markets plus 28-30 clinics, and our brand carries trust that spans generations — parents who bought from us bring their children. We were acquired by Mitsui & Co and Rohto Pharmaceutical in a deal valued at S$800 million, which is external validation of the brand's worth.","Price and convenience. Smaller TCM halls and neighbourhood medical halls sell similar herbs cheaper, and online sellers now ship traditional remedies directly. Some customers who know what they want buy the raw herb elsewhere rather than a branded product.","Neighbourhood TCM medical halls and herbal shops (many, individually small); Hockhua Tonic; Other branded TCM chains; Western medical clinics and GPs (the alternative for the same health need)",—,,4.0,5.0,2.0,3.0,4.0,70.0,"Viable, conditional",,,,,,,,
S1 original corpus,EXTRA,F3-vicom,F3-vicom,VICOM Ltd,"Vehicle inspection and technical testing. Mandatory periodic roadworthiness and emissions inspection for all Singapore-registered vehicles, carried out at LTA-Authorised Inspection Centres, plus an accredited materials and product testing arm.",S$71.94 including GST for a standard private-car periodic inspection; S$35.97 for a re-inspection. Standardised across all authorised centres.,"We are the dominant operator in a market where every vehicle on the road must be inspected on a fixed schedule and only LTA-authorised centres may do it. We run six of the eight authorised inspection centres in Singapore and, with our subsidiary, seven of eight. That authorisation is a real barrier — a competitor cannot enter without it. We have decades of operating history, high fixed-cost leverage, standardised procedures and a profitable, cash-generative vehicle testing business that funds our expansion into accredited testing. We are also one of the LTA-appointed partners installing ERP 2.0 on-board units.","Growth is structurally capped. Singapore's car population is stagnant, the inspection fee is held flat and standardised across all centres, and we cannot raise prices. Our market share has slipped from above 75% to 72.3% as the competitor prices aggressively for corporate fleet contracts. We lost a centre when the Ang Mo Kio lease expired, which cut revenue and triggered a goodwill impairment. There is no way to grow the vehicle inspection business by winning more demand — only by taking share from the one competitor, and they are doing the same to us.","STA Inspection — the only other authorised operator, two centres, competing on corporate fleet pricing; Our own subsidiary JIC Inspection Services — partially third-party owned, operated under its own brand; LTA — sets inspection frequency, authorises centres, and decides how many operators exist",—,"F1 (Boeing/Airbus) confirmed the prediction but is a famously extraordinary company — its 3.20 could be the model RECOGNISING Boeing rather than reading the mechanism. This case is mid-sized (S$119.5m revenue) and obscure outside Singapore, which removes the fame confound. It also tests a REFINED hypothesis: inelastic supply is necessary but NOT sufficient for unmet demand to accumulate.",3.0,4.0,2.0,3.0,5.0,64.0,"Viable, conditional",,,,,,,,
S2 55-company cross-category,EXTRA,BK04,BK04-tiong,Tiong Bahru Bakery,bakery,premium artisan,"French butter croissants and sourdough made fresh in each bakery, not delivered from a central factory.","Fewer outlets, higher prices, and we are not halal-certified.",Paris Baguette; BreadTalk; Four Leaves; Polar Puffs & Cakes,"MID-HIGH defensibility expected (artisan position, founder-chef association)",Published: 'the artisan premium claim'; French-trained baker association; 9-best list 2026; not halal,4.0,3.0,2.0,n/a,3.0,58.0,"Contested OR Viable, conditional",,,,,,,,
S2 55-company cross-category,EXTRA,BK02,BK02-four,Four Leaves,bakery,budget/everyday,The neighbourhood bakery Singaporeans grew up with. Familiar cakes and bread at everyday prices since 1980.,We are seen as ordinary. Newer and premium brands get more attention.,BreadTalk; Polar Puffs & Cakes; Paris Baguette; Tiong Bahru Bakery,"MID defensibility expected (everyday staple, wide footprint)",Published: 'the everyday neighbourhood bakery staple' in the 2026 nine-best roundup; not halal-certified,3.0,2.0,2.0,n/a,4.0,51.0,Contested,,,,,,,,
S2 55-company cross-category,EXTRA,BK01,BK01-breadtalk,BreadTalk,bakery,mid/budget,"The most recognisable bakery chain in Singapore. Familiar buns, new flavours every month, an outlet in almost every mall.",We are not halal-certified and not artisan. We are a mass chain.,Four Leaves; Paris Baguette; Tiong Bahru Bakery; Polar Puffs & Cakes,HIGH mental_advantage expected (the iconic local chain),Published: the iconic local chain with the most outlets; sells 30 buns for a promotional price; 9-best-bakeries list 2026,3.0,2.0,2.0,n/a,3.0,47.0,Contested,,,,,,,,
S2 55-company cross-category,EXTRA,BK03,BK03-paris,Paris Baguette,bakery,premium,Korean bakery design and flavours you will not find in a local chain. Café seating in every store.,We are premium-priced and there are far fewer outlets than BreadTalk.,BreadTalk; Tiong Bahru Bakery; Four Leaves; Polar Puffs & Cakes,MID-HIGH mental_advantage expected (owns 'Korean premium'),Published: halal-certified; positioned as the premium Korean bakery chain in the 2026 nine-best roundup,3.0,2.0,2.0,n/a,3.0,47.0,Contested,,,,,,,,
S2 55-company cross-category,EXTRA,BK05,BK05-polar,Polar Puffs & Cakes,bakery,budget,"Halal-certified curry puffs and cakes, made in Singapore since 1925.",We are known for one product. Customers do not think of us as a bakery destination.,BreadTalk; Four Leaves; Paris Baguette; Tiong Bahru Bakery,"LOW-MID expected (a product, not a position)",Published: halal-certified; known primarily for curry puffs and a legacy cake range; no distinct premium or artisan claim,3.0,2.0,2.0,n/a,3.0,47.0,Contested,,,,,,,,
S2 55-company cross-category,EXTRA,BT08,BT08-liho,LiHO TEA,bubble-tea,mid-tier,"Singapore's own tea brand. Gula melaka, pandan and kaya - flavours from here, not imported.",Our app is the only working channel; liho.sg is a parked domain.,koi; CHAGEE; Chicha San Chen; Each-A-Cup,MID-HIGH mental_advantage expected (owns 'homegrown No.1'),"Published: ~84 outlets, founded 2017 Singapore; markets itself as 'a proud Singapore tea beverage brand'",3.0,2.0,3.0,n/a,4.0,56.0,"Contested OR Viable, conditional",,,,,,,,
S2 55-company cross-category,EXTRA,BT09,BT09-playmade,Playmade,bubble-tea,mid-tier,We hand-roll our pearls fresh every day in every store. You can taste the difference in the texture.,"A daily pearl flavour is a novelty, not a position. Anyone can roll pearls.",koi; CHAGEE; Sharetea; R&B Tea,"LOW-MID expected (a feature, not a position)",Published: 'hand-rolled pearls of the day' is the signature; mid-tier price; no outlet-count leadership,2.0,2.0,3.0,n/a,3.0,46.0,Contested,,,,,,,,
S2 55-company cross-category,EXTRA,BT10,BT10-sharetea,Sharetea,bubble-tea,mid-tier,Authentic Taiwanese tea since 1992. Winter melon tea is our signature.,We are one of many Taiwanese chains here and customers cannot easily tell us apart.,koi; CHAGEE; R&B Tea; Playmade,LOW expected (Taiwanese chain with no local distinction),"Published: Taiwanese, 1992 origin, mid-tier; signature winter melon tea; no distinct SG position claimed",2.0,2.0,3.0,n/a,3.0,46.0,Contested,,,,,,,,
S2 55-company cross-category,EXTRA,BT06,BT06-each-a-cup,Each-A-Cup,bubble-tea,budget,"Homegrown since 1999, 48 outlets, budget price. We have been here through every wave.",Longevity is not a position customers name. Newer brands are more visible.,Mixue; R&B Tea; koi; LiHO TEA,LOW-MID expected (48 outlets but no distinct claim),"Published: 48 outlets counted 13 Sep 2026, founded 1999, budget tier; no distinctive positioning claim",2.0,2.0,2.0,n/a,4.0,45.0,Contested,,,,,,,,
S2 55-company cross-category,EXTRA,BT05,BT05-randb,R&B Tea,bubble-tea,from ~S$3.60,Taiwanese brown sugar milk tea at a budget price. We are cheaper than the premium brands.,We are not the cheapest either - Mixue undercuts us by more than half.,Mixue; Each-A-Cup; koi; Chicha San Chen,"LOW-MID expected (budget tier, no distinct position)","Published price from ~S$3.60, budget tier; no distinctive claim in the category roundups",2.0,1.0,2.0,n/a,4.0,40.0,Fragile OR Contested,,,,,,,,
S2 55-company cross-category,EXTRA,EL03,EL03-best,Best Denki Singapore,electronics,converged,Japanese retail service standards with trained staff who can explain the difference between models.,We are in the same few-percent price band as everyone and the Japanese-service claim is not something customers test before buying.,Courts; Harvey Norman; Gain City; Challenger,MID expected (no distinct position; price converged at 3-8%),Published: same 3-8% price band as Courts and Harvey Norman; Japanese-service positioning claim,2.0,2.0,2.0,n/a,2.0,38.0,Fragile OR Contested,,,,,,,,
S2 55-company cross-category,EXTRA,EL04,EL04-gain,Gain City,electronics,converged,"Air-conditioning and appliance installation done by our own technicians, with showroom displays of full systems.","We sell the same brands at the same prices as the big three, and installation expertise is not what most shoppers compare.",Courts; Harvey Norman; Best Denki; Challenger,MID expected (no distinct position; price converged at 3-8%),Published: listed among the visible Singapore electronics players in the same converged price band; aircon/installation strength,2.0,2.0,2.0,n/a,n/a,38.0,Fragile OR Contested,,,,,,,,
S2 55-company cross-category,EXTRA,EL01,EL01-courts,Courts Singapore,electronics,converged,"Singapore's mass-market electronics retailer since 1974, with instalment plans and physical stores where you can see the product.","Every retailer sells the same brands within a few percent, so customers choose on the nearest store or the week's promotion.",Harvey Norman; Best Denki; Gain City; Challenger,MID expected (no distinct position; price converged at 3-8%),"Published: 'Samsung, LG, Sony, and TCL flagships land within 3 to 8 percent of each other across Courts, Harvey Norman, and Best Denki, and the gap flips depending on the week'",2.0,1.0,2.0,n/a,n/a,32.0,Fragile,,,,,,,,
S2 55-company cross-category,EXTRA,EL02,EL02-harvey,Harvey Norman Singapore,electronics,converged,"Large-format showrooms where you can compare the whole range in one visit, with interest-free finance.","Our prices are within a few percent of every rival, so there is no price reason to choose us.",Courts; Best Denki; Gain City; Challenger,MID expected (no distinct position; price converged at 3-8%),Published: same 3-8% price band as Courts and Best Denki; big-format showrooms,2.0,1.0,2.0,n/a,n/a,32.0,Fragile,,,,,,,,
S2 55-company cross-category,EXTRA,EW03,EW03-lenskart,Lenskart Singapore,eyewear,S$40 with SALE60,"A complete pair of prescription glasses from S$40, online-first with in-store eye tests.",We compete only on price. Frame quality and service are perceived as below the Japanese chains.,OWNDAYS; Zoff; Spectacle Hut; Pearle Vision,MID-HIGH mental_advantage expected (owns 'cheapest complete pair'),Published: 'Lenskart $40 with SALE60' - the lowest delivered price for a complete pair in the 2026 comparison,4.0,2.0,2.0,n/a,3.0,53.0,Contested,,,,,,,,
S2 55-company cross-category,EXTRA,EW02,EW02-zoff,Zoff Singapore,eyewear,S$98 with lenses,"Japanese-designed frames at the same S$98 all-inclusive price, with lens options for focus-adjustment comfort.","We are priced identically to OWNDAYS, so customers have no price reason to choose us over them.",OWNDAYS; Lenskart; Spectacle Hut; Pearle Vision,"MID-HIGH mental_advantage expected (same price point, Japanese design claim)","Published: $98 with lenses, matching OWNDAYS; positioned as the Japanese rival at the same inclusive price",2.0,1.0,2.0,n/a,2.0,33.0,Fragile,,,,,,,,
S2 55-company cross-category,EXTRA,EW04,EW04-spectacle,Spectacle Hut,eyewear,mid-premium,Established Singapore optical chain with designer frame brands and in-store optometrists.,"We are neither the cheapest nor the most transparently priced, and we have no distinctive claim customers name.",OWNDAYS; Zoff; Lenskart; Pearle Vision,LOW-MID expected (no distinct price or design claim),"Published: included in the 2026 eyewear comparisons with no distinctive price, design or service claim attached to it",2.0,1.0,2.0,n/a,n/a,32.0,Fragile,,,,,,,,
S2 55-company cross-category,EXTRA,FF05,FF05-jollibee,Jollibee Singapore,fast-food,value,Filipino fried chicken and sweet-style spaghetti. Chickenjoy and the Yumburger at S$1.20.,Outside the Filipino community we are a small chain with few outlets.,McDonald's; KFC; Burger King; Subway,MID mental_advantage expected (owns 'Filipino comfort'),Published: Yumburger S$1.20 - among the cheapest single items of all 14 chains; Chickenjoy S$4.25,4.0,2.0,2.0,n/a,4.0,57.0,"Contested OR Viable, conditional",,,,,,,,
S2 55-company cross-category,EXTRA,FF03,FF03-burger,Burger King Singapore,fast-food,coupons to 62% off,The deepest discounts of any chain. DL8 gets 9pc nuggets and a drink for S$5 against S$13.15.,"Our position is discounting itself, which any rival can copy with a coupon. Airport outlets excluded.",McDonald's; KFC; Subway; Jollibee,"MID-MENTAL expected (discount-led, not position-led)","Published: 'the most aggressive of the six on pure percentage savings', up to 62% off with coupon DL8",4.0,1.0,2.0,n/a,3.0,48.0,Contested,,,,,,,,
S2 55-company cross-category,EXTRA,FF04,FF04-subway,Subway Singapore,fast-food,Everyday Value S$6.80,"The only cheap meal that is not fried, with free vegetable toppings and a sub made in front of you.","We are dearer than the S$5 full meals at KFC and McDonald's, and only five subs on the value line.",McDonald's; KFC; Burger King; Jollibee,MID-mental_advantage expected (owns 'not fried'),"Published: Everyday Value Meal S$6.80 (6-inch sub, cookie, drink); 'the only one of the cheap meals that is not fried'",3.0,2.0,2.0,n/a,3.0,47.0,Contested,,,,,,,,
S2 55-company cross-category,EXTRA,FF06,FF06-shake,Shake Shack Singapore,fast-food,premium (ShackBurger S$12.17),"Premium burgers and shakes, made with better beef than the value chains, in a designed space.",We cost more than twice a McDonald's meal and there are very few outlets.,McDonald's; Burger King; Five Guys; KFC,MID-HIGH mental_advantage expected (owns 'premium burger'),"Published: ShackBurger S$12.17, shake US$8.25 - premium tier in the 14-chain price comparison",3.0,2.0,2.0,n/a,2.0,44.0,Contested,,,,,,,,
S2 55-company cross-category,EXTRA,FU02,FU02-castlery,Castlery,furniture,mid-range,"Design-led furniture at mid-range prices through a direct supply chain, so you skip the designer markup.","Online-first means you buy before you sit on it, and delivery takes weeks.",IKEA; Scanteak; HipVan; Commune,MID-HIGH mental_advantage expected (owns 'design without designer prices'),"Published: 'a Singapore-founded brand known for modern designer furniture at mid-range prices', founded 2013, direct supply chain",4.0,2.0,2.0,n/a,4.0,57.0,"Contested OR Viable, conditional",,,,,,,,
S2 55-company cross-category,EXTRA,GY01,GY01-activesg,ActiveSG,gym,S$15-30/mo (or S$2.50/entry),"The cheapest way to train in Singapore. ~30 gyms islandwide, no contract, S$2.50 a visit if you prefer.",Equipment is basic. Peak evenings are busy. Not 24/7.,Anytime Fitness; Fitness First; Virgin Active; 24/7 Fitness,HIGH mental_advantage expected (the price floor every gym is judged against),"Published on activesgcircle.gov.sg: S$30/mo peak, S$15 off-peak, ~30 sites; 'the price floor every commercial gym is implicitly judged against'",4.0,2.0,2.0,n/a,3.0,53.0,Contested,,,,,,,,
S2 55-company cross-category,EXTRA,GY04,GY04-pure,Pure Fitness Singapore,gym,S$175-400/mo,"Two CBD clubs with 25-metre lap pools, sauna, steam room and integrated Pure Yoga access.","Only two locations, both in the CBD. Pricing is enquiry-led and can reach S$400.",Virgin Active; Fitness First; Anytime Fitness; ActiveSG,"MID-HIGH defensibility expected (only 2 clubs = concentration, not reach)","Published: 2 CBD clubs (Asia Square, Ocean Financial Centre), 25m lap pool, sauna, steam room, jacuzzi",3.0,2.0,2.0,n/a,3.0,47.0,Contested,,,,,,,,
S2 55-company cross-category,EXTRA,GY03,GY03-fitness,Fitness First Singapore,gym,S$200-225/mo,"14 clubs, 300+ group classes a month, Les Mills programming and Passport access across Asia.",We are the second most expensive. True Fitness used to sit below us and has closed.,ActiveSG; Anytime Fitness; Virgin Active; Pure Fitness,"MID-HIGH defensibility expected (established chain, publishes rates)","Published on fitnessfirst.com/sg: Home Club S$200/mo, Passport S$225/mo, 14 clubs, zero joining fee",3.0,2.0,2.0,n/a,n/a,45.0,Contested,,,,,,,,
S2 55-company cross-category,EXTRA,GY05,GY05-virgin,Virgin Active Singapore,gym,S$220-265/mo,"Premium clubs with pools, recovery amenities like compression boots and oxygen therapy, and 60+ weekly classes per club.","The most expensive mainstream option, and only 5 clubs.",Pure Fitness; Fitness First; Anytime Fitness; ActiveSG,MID-HIGH mental_advantage expected (owns 'premium recovery'),"Published: 5 clubs, pools at multiple sites, compression boots and oxygen therapy; S$41-92/week",3.0,1.0,2.0,n/a,2.0,39.0,Fragile OR Contested,,,,,,,,
S2 55-company cross-category,EXTRA,GY06,GY06-24-7,24/7 Fitness,gym,S$98-178/mo,24-hour access at S$98 a month on a 12-month plan - cheaper than any other full-service chain.,"Cheaper than the others, but Anytime Fitness has far more outlets and the same 24/7 promise.",Anytime Fitness; ActiveSG; Fitness First; 24/7 Fitness,LOW-MID expected (undercuts the chains but no distinct position),"Published: S$98/mo on 12-month, S$178 rolling; positioned as the cheaper 24/7 alternative",2.0,1.0,2.0,n/a,2.0,33.0,Fragile,,,,,,,,
S2 55-company cross-category,EXTRA,HB02,HB02-guardian,Guardian Singapore,health-beauty,value/mass,"120+ stores in HDB neighbourhood malls, so we are the pharmacy people walk past every day. 2m monthly visitors.",Watsons is bigger and has grown its share while ours has been flat.,Watsons; Unity Pharmacy; Sephora; Sa Sa,"MID-HIGH mental_advantage expected (the entrenched rival, 14%)","Published: DFI Retail Group held 14% share in 2025; 120+ locations, 'strong in HDB neighbourhood malls'",4.0,4.0,2.0,n/a,4.0,67.0,"Viable, conditional",,,,,,,,
S2 55-company cross-category,EXTRA,HB03,HB03-unity,Unity Pharmacy,health-beauty,cheapest at regular price,"The cheapest regular prices of the three chains, 60+ stores, and ties to public health programmes and insurance-billable products.",Our smaller outlets have a limited range and we have fewer stores than Watsons or Guardian.,Watsons; Guardian; Sephora; Sa Sa,"MID-MENTAL expected (cheapest claim, but limited range)","Published: Unity is cheapest at regular price among the three chains, 60+ stores, integrated with public healthcare",4.0,2.0,2.0,n/a,3.0,53.0,Contested,,,,,,,,
S2 55-company cross-category,EXTRA,HB04,HB04-sephora,Sephora Singapore,health-beauty,premium (7% share),The premium beauty destination. Exclusive international brands list with us first before going to the mass chains.,"We hold 7% share against Watsons' 18%, and we do not sell household or pharmacy essentials.",Watsons; Guardian; Unity Pharmacy; Sa Sa,MID-HIGH mental_advantage expected (owns the premium beauty position),Published: Sephora Singapore held 7% share in 2025 (Euromonitor); 'premium international beauty brands list at Sephora first',4.0,2.0,2.0,n/a,3.0,53.0,Contested,,,,,,,,
S2 55-company cross-category,EXTRA,KP02,KP02-killiney,Killiney Kopitiam,kopitiam,sets from ~S$5,"Our Killiney Road shophouse lineage goes back to 1919 - older than our rival's claim. Same kaya toast, more menu breadth.",Ya Kun has far more outlets and stronger brand recall. We are the second heritage brand.,Ya Kun Kaya Toast; Toast Box; Chin Mee Chin; Tong Ah,"MID-HIGH mental_advantage expected (rival heritage claim, 1919)",Published: shophouse coffee-shop lineage dated 1919; 'two of Singapore's most storied Hainanese kopitiam chains',3.0,2.0,2.0,n/a,4.0,51.0,Contested,,,,,,,,
S2 55-company cross-category,EXTRA,KP03,KP03-toast,Toast Box,kopitiam,sets from ~S$5-7,"Kopitiam food in a clean, air-conditioned mall format with consistent standards across every outlet.","We are the modern imitation, not the original. Customers know we are owned by BreadTalk.",Ya Kun Kaya Toast; Killiney Kopitiam; Chin Mee Chin; Tong Ah,"MID-MENTAL expected (modern mass-market, BreadTalk-owned)","Published: BreadTalk group's modern mass-market take on the kopitiam format, mall-based",3.0,2.0,2.0,n/a,4.0,51.0,Contested,,,,,,,,
S2 55-company cross-category,EXTRA,KP04,KP04-chin,Chin Mee Chin,kopitiam,sets from ~S$5,"One shophouse on East Coast Road, the original 1950s tiles and the same kaya recipe. No branches.",Only one outlet and limited hours. Most people cannot get to us.,Ya Kun Kaya Toast; Killiney Kopitiam; Tong Ah; Toast Box,MID-HIGH defensibility expected (single iconic location = hard to copy),Published: listed among the best kaya toast spots 2026; a single iconic East Coast Road location,3.0,2.0,2.0,n/a,3.0,47.0,Contested,,,,,,,,
S2 55-company cross-category,EXTRA,SM01,SM01-ntuc,NTUC FairPrice,supermarket,mainstream/value,"Singapore's largest retailer. 125 stores, house brands priced 10-15% below branded alternatives, and we freeze prices on essentials at CNY.","We face higher depreciation because of our mall presence, and our wider social mandate dilutes cost efficiency.",Sheng Siong; Cold Storage; Giant; Don Don Donki,HIGH mental_advantage expected (the national default),"Published: 125 stores, largest food retailer in Singapore; group revenue S$4.7bn FY2025; 1.7m app users",4.0,3.0,2.0,n/a,3.0,58.0,"Contested OR Viable, conditional",,,,,,,,
S2 55-company cross-category,EXTRA,SM03,SM03-cold,Cold Storage,supermarket,premium,The premium grocery shop. Imported and specialty lines you will not find at the value chains.,We no longer own premium. FairPrice Finest has 39 stores against our 48 and is closing the gap.,NTUC FairPrice; Sheng Siong; Giant; Don Don Donki,MID-MENTAL expected (premium claim now contested),Published: 48 stores; DFI once held a near-monopoly in premium but FairPrice Finest expanded 9->39 stores; now owned by Macrovalue,4.0,2.0,2.0,n/a,3.0,53.0,Contested,,,,,,,,
S2 55-company cross-category,EXTRA,SM05,SM05-don,Don Don Donki,supermarket,premium/value hybrid,"Japanese imports, ready-to-eat food and a night-time experience you cannot get at a local supermarket.",We are not cheap and not a full weekly shop. Most baskets still go to FairPrice or Sheng Siong.,NTUC FairPrice; Sheng Siong; Cold Storage; Giant,MID-HIGH mental_advantage expected (owns the Japanese-experience position),Published: listed among new entrants with a distinct 'Japanese experiential' format; grew store count islandwide,4.0,2.0,2.0,n/a,3.0,53.0,Contested,,,,,,,,
S3 52 home-based business,EXTRA,HB10,HB10-a,A gluten-free specialist home baker,home-baking,premium for dietary-specific bakes,Everything we bake is gluten-free in a kitchen that never handles wheat flour. For customers with coeliac disease this is the only kind of home baker they can use at all.,"We cost more than an ordinary home baker because of the ingredient and segregation requirements, and most customers do not need gluten-free baking.",other home bakers; ROA; commercial bakeries,strong,PUBLIC POSITIONING: part of the dietary-specific home-baker segment serving gluten-free and vegan demand; prices above the commodity home-baking band because the dietary constraint is the reason to buy.,4.0,2.0,3.0,n/a,4.0,62.0,"Viable, conditional",,,,,,,,
S3 52 home-based business,EXTRA,HB06,HB06-moncheri,Moncheri,home-baking,"custom cupcakes, brownies, cookies, tiramisu","Custom-made desserts turned into personalised edible art. We take the customer's idea and make it, for birthdays, weddings and engagements - we do not sell off a fixed shelf.","I still run this alongside a full-time job with no formal training, so capacity is limited and I have not opened a physical space yet.",other home bakers; commercial custom cake shops; BreadTalk,mid,"PRESS-DOCUMENTED: Muslim-owned home-based business founded 2020, specialising in custom cupcakes, brownies, cookies and tiramisu; founder self-taught since age 15, balancing a full-time job; focuses exclusively on custom orders for birthdays, weddings and engagements; plans to move into custom cakes and eventually open a bakery space.",2.0,2.0,3.0,n/a,3.0,46.0,Contested,,,,,,,,
S3 52 home-based business,EXTRA,HB07,HB07-flowermaker.sg,Flowermaker.sg,home-baking,handcrafted soy wax candles with flowers,"A husband-and-wife team making soy wax flowers set into scented candles. Every flower is made by hand individually, so no two are the same - that is the point of buying from us rather than a factory.","There are many candle sellers online, and at home we cannot produce at any real volume.",other home crafters; commercial candle brands; gift shops,mid,"PUBLISHED SITE: a home-based workshop selling flora-themed handicrafts as a husband-and-wife team; specialises in handcrafted soy wax flowers adorning scented candles, each made individually so no two are identical.",2.0,2.0,3.0,n/a,3.0,46.0,Contested,,,,,,,,
S3 52 home-based business,EXTRA,HB08,HB08-a,A home baker competing on price,home-baking,undercuts commercial bakers,We bake custom cakes at home and charge less than the bakeries because we have no rent or shopfront to pay for.,"Home baking is the only thing we beat them on. Nothing stops any of the other 600 home bakers doing exactly the same, and we have no style customers would recognise.",other home bakers; BreadTalk; neighbourhood bakeries,weak,"PUBLIC LISTINGS: one of 600+ home bakers in the Singapore home-baker directories; no signature style, credential or niche claimed; competes on lower price than commercial bakeries.",2.0,1.0,2.0,n/a,3.0,37.0,Fragile OR Contested,,,,,,,,
S3 52 home-based business,EXTRA,HC01,HC01-operarose,Operarose Studio,home-creative,"bespoke calligraphy and embroidery, by commission","Bespoke calligraphy and hand embroidery with live-event work - I attend the event and personalise items for guests as they arrive, so each one leaves with something made in front of them.","Everything is made by hand by one person, so I cannot take high-volume corporate orders and my lead times are long.",commercial calligraphy services; other home crafters; print-on-demand personalised gifts,strong,"PUBLISHED SITE: Singapore calligraphy and hand-embroidery artist; after 15 years in corporate banking the founder retired from finance to stay home with her child and pursue the craft; offers live-event calligraphy, bottle painting and hand engraving; in-studio services available worldwide; has worked with brands.",4.0,2.0,4.0,n/a,4.0,66.0,"Viable, conditional",,,,,,,,
S3 52 home-based business,EXTRA,HC02,HC02-the,The Bloomish Eden,home-creative,bespoke silk florals from S$420,"Bespoke silk florals made as a collaboration - I show you placements and you approve before it is finished. S$420 includes the styling, the vessel, a revision and delivery.","Starting at S$420 for a commission, we are far above supermarket and mass-market florals, and long-lasting silk is not what someone wants for a fresh bouquet today.",commercial florists; other home florists; gift shops,strong,"PUBLISHED SITE: a floral studio rooted in stillness and story; three named product lines (Omakase Edens for everyday gifts, Still Edens for custom home pieces, Rebloom for refreshing old pieces from 2026); bespoke 'Still, Created Together' commissions start from S$420 and include styling, vessel sourcing or adaptation, preview placement, one minor revision and delivery; plans to add workshops.",3.0,2.0,3.0,n/a,3.0,52.0,Contested,,,,,,,,
S3 52 home-based business,EXTRA,HC03,HC03-a,A home-based florist (freelance),home-creative,published pricelists per occasion,"A freelance florist working from home, with a published pricelist per occasion so you know the price before you order.","I have no shopfront so customers cannot see the flowers before buying, and commercial florists can do same-day walk-in orders I cannot.",commercial florists; The Bloomish Eden; other home florists,mid,"PUBLISHED PROFILE: a freelance florist operating from home, posting occasion pricelists such as Mother's Day on Instagram; self-described home-based florist; no shopfront.",3.0,2.0,3.0,n/a,3.0,52.0,Contested,,,,,,,,
S3 52 home-based business,EXTRA,HC06,HC06-a,A home-based food-photography freelancer,home-creative,package pricing per shoot,"Food and product photography for brands - styling, shooting and editing as one package, with a named client roster you can verify.","We are a small studio competing with full agencies, and clients buying at scale usually need a bigger team.",other freelance photographers; commercial agencies; in-house content teams,strong,"PUBLISHED SITE: freelance food photographer operating since 2020; has worked with brands including Popeyes, Kaspersky and Courtyard Marriott; positions on bringing agency-level expertise with a personalised touch.",2.0,2.0,3.0,n/a,3.0,46.0,Contested,,,,,,,,
S3 52 home-based business,EXTRA,HC04,HC04-a,A home-based mobile hairdresser,home-creative,not published - varies by service,"I come to your home to cut hair - useful if you cannot easily get out, or if you want the whole family done in one appointment.","There are several mobile hairdressers in every region, and I have no published price or signature style to separate me from them.",other mobile hairdressers; neighbourhood barbers; home hair salons,mid,"PUBLIC LISTINGS: mobile hairdressers bringing salon-quality hairdressing to homes and offices; hairdressing is a permitted home-based business activity under the scheme; services target customers who cannot easily leave home, such as new mothers and those with injuries.",2.0,1.0,3.0,n/a,3.0,41.0,Contested,,,,,,,,
S3 52 home-based business,EXTRA,HC05,HC05-a,A home-based sewing and alteration service,home-creative,per-garment pricing,"I do alterations and small sewing commissions from home, priced per garment.","I have no published brand, no reviews and no distinctive style, and alterations are priced per garment so customers choose whoever is nearest.",neighbourhood alteration shops; other home sewists; tailors,weak,PUBLIC LISTING: sewing services are one of the small number of activities the scheme explicitly permits; typical operators take alterations and small commissions with per-garment pricing and no published brand.,2.0,1.0,3.0,n/a,3.0,41.0,Contested,,,,,,,,
S3 52 home-based business,EXTRA,HF01,HF01-snow,Snow Beauty,home-facial,from S$60 for 60-min Signature Facial,Organic products and couple facials - two people treated side by side in the same room. We also come to your home islandwide if you prefer.,"At S$60 we are mid-priced for a home studio, and we are one person so weekday evenings fill first.",other home facial studios; mall facial chains; housecall facials,strong,"PUBLIC LISTING: Choa Chu Kang home studio, 9am-8pm daily; uses organic products; offers couple facials where two people are treated side by side; also runs housecall facials islandwide; $10 off first trial for new customers.",4.0,2.0,3.0,n/a,3.0,58.0,"Contested OR Viable, conditional",,,,,,,,
S3 52 home-based business,EXTRA,HF06,HF06-mono,Mono Studio,home-facial,from S$98 BB Micro-needling,"Treatments are done by dermatologists trained in Korea. Our signature BB micro-needling is a clinical treatment, not a beauty facial.","S$98 starting price is high for a home studio, and the address is a landed property rather than an HDB flat.",other home facial studios; medical aesthetics clinics; mall facial chains,strong,PUBLIC LISTING: 16 Jalan Pergam; treatments by dermatologists trained in Korea; signature BB Micro-needling from S$98; also Korean Lip Blush and Dolly Lash Lift; 20% off the total bill for new clients; online booking form.,3.0,2.0,3.0,n/a,3.0,52.0,Contested,,,,,,,,
S3 52 home-based business,EXTRA,HF07,HF07-ivy,Ivy HomeBeauty,home-facial,"from S$58, eyebrow shaping and shoulder massage included","No packages, ever. You pay by session, and every facial includes eyebrow shaping and a shoulder massage at no extra cost.","We are one studio in Simei, so customers outside the east have to travel, and one person sets the ceiling on how many we can serve.",other home facial studios; mall facial chains; Snow Beauty,strong,PUBLIC LISTING: Simei home studio with nearly 200 five-star reviews on Carousell; every facial includes eyebrow shaping and a shoulder massage; operates an explicit pay-by-session guarantee with no packages or products required.,3.0,2.0,3.0,n/a,3.0,52.0,Contested,,,,,,,,
S3 52 home-based business,EXTRA,HF08,HF08-sebelle,Sebelle,home-facial,from S$128 for 90-min Signature Facial,A 90-minute signature facial - substantially longer than the 40-60 minute treatments most studios sell - for customers who want the time spent.,"At S$128 we are the most expensive home facial in this set, and with 10am-4pm hours we cannot serve anyone who works office hours.",other home facial studios; Mono Studio; mall facial chains,strong,PUBLIC LISTING: Bukit Batok West Avenue 9 home studio; 90-minute Signature Facial from S$128; limited hours 10am-4pm daily; booking by DM on Carousell.,3.0,2.0,3.0,n/a,3.0,52.0,Contested,,,,,,,,
S3 52 home-based business,EXTRA,HF04,HF04-pretty,Pretty Please Beauty Studio,home-facial,express facial from S$48,"Two locations, Tai Seng and Yishun, with a 40-minute express facial from S$48. We also do nails, so you can have both done in one visit.","Running two locations with one owner means neither gets full attention, and we have no signature treatment.",other home facial studios; mall facial chains; Nailnicorn,strong,"PUBLIC LISTING: operates from TWO locations, Tai Seng and Yishun; 40-minute express facial from S$48; also offers nail manicure services so a customer can leave with skin and nails done.",3.0,1.0,3.0,n/a,3.0,47.0,Contested,,,,,,,,
S3 52 home-based business,EXTRA,HF09,HF09-toa,Toa Payoh Home Facial,home-facial,"by enquiry, appointment only","Facial services from a Toa Payoh HDB flat, strictly by appointment, and couples are welcome to come together.","We publish no prices and no reviews, so a first-time customer is booking on trust from an Instagram bio.",other home facial studios; Facial Inc; mall facial chains,mid,PUBLIC LISTING: runs from Blk 59 Toa Payoh Lor 5; strictly by appointment by WhatsApp; welcomes couples; publishes a verifiable HDB block address rather than withholding it; no price list published.,3.0,1.0,3.0,n/a,3.0,47.0,Contested,,,,,,,,
S3 52 home-based business,EXTRA,HF05,HF05-glow,Glow Beauty,home-facial,no price published - WhatsApp to enquire,"A two-minute walk from Tampines Hub, with Pumpkin Peel and Korean BB Glow treatments.","We do not publish prices, so customers have to message us before they know what anything costs, and we have no reviews or credential on the listing.",other home facial studios; mall facial chains; Facial Inc,weak,"PUBLIC LISTING: home studio two minutes from Tampines Hub; services incl. Pumpkin Peel and Korean BB Glow; no price published, WhatsApp to enquire; S$20 deposit to secure an appointment; details only in Instagram highlights.",2.0,1.0,3.0,n/a,3.0,41.0,Contested,,,,,,,,
S3 52 home-based business,EXTRA,HF02,HF02-facial,Facial Inc,home-facial,from S$50 for 60-min Express Bojin,"A 60-minute Bojin facial from S$50 with complimentary rose tea after, and optional eye treatment add-ons.",We are in the mid-band on price and the rose tea is a nicety rather than a reason to choose us.,other home facial studios; Snow Beauty; mall facial chains,mid,PUBLIC LISTING: Punggol home studio; from S$50 for a 60-minute Express Bojin with add-ons for eye treatment and hydrating masks; complimentary rose tea; 10am-7pm weekdays.,2.0,1.0,3.0,n/a,2.0,38.0,Fragile OR Contested,,,,,,,,
S3 52 home-based business,EXTRA,HF03,HF03-my,My Skin Diary,home-facial,from S$88 Premium Facial Trial,"Fat freezing and facials in the same appointment, plus a fragrance and event-decor booth in the same studio.","Offering three unrelated services means we are not clearly the best at the facial itself, and S$88 for a trial is above the home-studio norm.",other home facial studios; medical aesthetics clinics; Mono Studio,mid,"PUBLIC LISTING: Compassvale Drive home studio; offers fat-freezing alongside facial treatments; Celebrity Glow treatment with a melting sheet for whitening, brightening and anti-aging; runs a separate fragrance and event decor booth in the same studio.",2.0,1.0,3.0,n/a,2.0,38.0,Fragile OR Contested,,,,,,,,
S3 52 home-based business,EXTRA,HL03,HL03-perky,Perky Lash home-visit service,home-nails,"manicure S$108, pedicure S$118, classic lash S$128","We come to you, islandwide. And we are the first lash salon in Singapore to develop our own biodegradable lashes, which break down naturally within 180 days.","Our home-visit prices are the highest in this set - S$108 for a manicure - and we still do not sell packages, so revenue per client is capped.",mobile lash services; home lash studios; mall lash chains,strong,"PRESS-INTERVIEWED: founded by Jasmin Tay; launched an islandwide house-visit service bringing lash and nail treatments to homes and offices; 'Singapore's first lash salon to develop its own in-house biodegradable lashes' designed to break down within 180 days; operates a strict no-package, no-hard-selling policy.",4.0,3.0,3.0,n/a,3.0,63.0,"Viable, conditional",,,,,,,,
S3 52 home-based business,EXTRA,HN08,HN08-frisky,Frisky Nails,home-nails,express gel from S$45,"Complicated mixed-print designs - smileys, cartoons, cherries on one set. If you want something loud and layered, that is what we do.","S$45 starting price with a residential address, so most customers find us by Instagram rather than by walking past.",other home nail studios; I Nail For Fung; mall nail chains,mid,PUBLIC LISTING: Telok Kurau home studio; complex mixed-print nail art as the signature; express gel manicures from S$45; online booking via a scheduling platform.,4.0,2.0,3.0,n/a,4.0,62.0,"Viable, conditional",,,,,,,,
S3 52 home-based business,EXTRA,HL01,HL01-the,The Lash Fairy,home-nails,not published - by enquiry,"A cat-friendly home lash salon. If you are nervous about cats we will keep them out of the room - and if you are not, you get to sit with them while your lashes are done.","Being one person in Punggol, customers outside the northeast have to travel to us, and we do not publish prices.",other home lash studios; Luce home lash; mall lash chains,strong,PUBLISHED SITE: home-based lash salon in Punggol; explicitly cat-friendly and states it will keep the cats away during a visit if a customer prefers; publishes detailed bus and MRT directions from six regions; booking by WhatsApp.,4.0,2.0,3.0,n/a,4.0,62.0,"Viable, conditional",,,,,,,,
S3 52 home-based business,EXTRA,HL02,HL02-lunalili,Lunalili Nails,home-nails,"published on Fresha, appointment-based","Intricate hand-painted nail art, done by an artist with Japanese academy training and Janea certification. The smallest nails get the same attention as the largest.","Detailed hand-painting takes a long time, so we can only take a few clients a day and we charge for the hours.",other home nail studios; Eleven Pinks; mall nail chains,strong,PUBLIC LISTING: home-based studio in Tampines North with Japanese academy training and Janea certification; specialises in intricate hand-painted designs with attention to the tiniest nails; listed with booking and reviews on Fresha.,4.0,2.0,3.0,n/a,3.0,58.0,"Contested OR Viable, conditional",,,,,,,,
S3 52 home-based business,EXTRA,HN02,HN02-cuteticle,Cuteticle SG,home-nails,express gel from S$35,Nails and lashes in one appointment. Customers who want both can do it in a single visit instead of booking two places.,"We are in the crowded mid-band on price and our studio is residential, so we depend on Instagram reach rather than walk-in traffic.",other home nail studios; mall nail chains; Nailnicorn,mid,PUBLIC LISTING: Bishan home studio; express gel manicures from S$35; also offers lash and lash-lift services so nail and lash can be done together; S$20 deposit to book.,3.0,2.0,3.0,n/a,4.0,56.0,"Contested OR Viable, conditional",,,,,,,,
S3 52 home-based business,EXTRA,HN01,HN01-tee,Tee (DOT) Nail Bar,home-nails,not published - by enquiry,"Every session is private. You get the whole studio and the whole appointment to yourself, and the set is designed for you rather than picked off a menu.","I am one person with limited slots, and my prices are not published so customers have to enquire before they know what they are paying.",other home nail studios; mall nail chains; budget $15 gel studios,mid,"PUBLISHED SITE: home-based nail salon in the North of Singapore (Sembawang); positions on every session being 'private, personalised and packed with creativity - from classic gel to intricate custom art'; slots updated on Instagram.",3.0,2.0,3.0,n/a,3.0,52.0,Contested,,,,,,,,
S3 52 home-based business,EXTRA,HN09,HN09-eleven,Eleven Pinks,home-nails,unlimited designs S$80,"Unlimited designs for one flat S$80, with a full published menu so you know exactly what you are getting before you book.",S$80 is the top of the home-studio band. Customers who just want a plain gel set will not pay it.,other home nail studios; Nasty Nails SG; mall nail chains,strong,PUBLIC LISTING: Jurong East/Lakeside home studio; S$80 for unlimited designs; walking distance from Lakeside MRT; an extensive published nail menu and online booking.,3.0,2.0,3.0,n/a,3.0,52.0,Contested,,,,,,,,
S3 52 home-based business,EXTRA,HN11,HN11-nailnicorn,Nailnicorn,home-nails,"mystery sets S$40-50, gel from S$22","Nails, lashes and facials in one home studio. You can get all three done in a single appointment with one person.","Doing three services means we are not the best at any one of them, and specialists often beat us on quality.",other home nail studios; home facial studios; mall nail chains,strong,"PUBLIC LISTING: offers nail, lash AND facial services in one home studio; mystery design sets S$40-50; affordable gel manicures from S$22; booking through a website.",3.0,2.0,3.0,n/a,3.0,52.0,Contested,,,,,,,,
S3 52 home-based business,EXTRA,HN10,HN10-maniqure,Maniqure By Ling,home-nails,gel from S$45 + embellishments from S$0.50,"You add exactly the embellishments you want, priced per piece from S$0.50 - crystals, stones, studs, pearls.","Per-piece embellishment pricing means the final bill depends on how much you add, which makes it hard for a customer to know the total upfront.",other home nail studios; I Nail For Fung; Eleven Pinks,mid,"PUBLIC LISTING: gel manicures from S$45 with crystals, stones, studs and pearls from S$0.50 each; booking by WhatsApp; no published location beyond a phone number.",3.0,1.0,3.0,n/a,3.0,47.0,Contested,,,,,,,,
S3 52 home-based business,EXTRA,HN13,HN13-yatonails,YatoNails,home-nails,"unlimited designs S$50, extensions S$65","As many colours, designs and charms as you want for one flat S$50, including extensions at S$65.","Our pitch is value rather than a style, and any studio can match a flat price.",other home nail studios; Nails Of Society; Eleven Pinks,mid,"PUBLIC LISTING: unlimited colours, designs and charms for a flat S$50, or S$65 with extensions; positioned as 'a steal in this economy'; booking via Instagram.",3.0,1.0,3.0,n/a,3.0,47.0,Contested,,,,,,,,
S3 52 home-based business,EXTRA,HN14,HN14-dazzlingnails,DazzlingNails,home-nails,express gel from S$15,"Express gel from S$15 in Tengah, with cat-eye magnetic polish and sticker add-ons.","We are the cheapest tier, we do not do pedicures, and our location in Tengah is new and hard to reach.",other home nail studios; budget $15 gel studios; Euns Nails,weak,PUBLIC LISTING: Tengah home studio; express gel manicures from S$15 with paid add-ons for cat-eye polish and stickers; no pedicure service; S$10 deposit.,3.0,1.0,3.0,n/a,3.0,47.0,Contested,,,,,,,,
S3 52 home-based business,EXTRA,HN06,HN06-nails,Nails Of Society,home-nails,mystery sets S$35-55,Mystery sets - you pick a price band and the artist designs it. Free overlay on every set and 10% off your first visit.,"The artist is self-taught with no certification, and a mystery set is a novelty rather than a style customers seek us out for specifically.",other home nail studios; YatoNails; Euns Nails,mid,PUBLIC LISTING: Marsiling home studio; gel and removal services; mystery sets S$35-55; the technician is self-taught; 10% off for first-timers and free overlay on all sets.,2.0,2.0,3.0,n/a,3.0,46.0,Contested,,,,,,,,
S3 52 home-based business,EXTRA,HN07,HN07-i,I Nail For Fung,home-nails,"gel from S$45, après extensions from S$80","Vibrant, intricate nail art with free gel removal included in every appointment.","We are priced at the higher end for a home studio, and free removal is a sweetener rather than something customers name us for.",other home nail studios; Nasty Nails SG; mall nail chains,mid,PUBLIC LISTING: Katong/Marine Parade home studio; classic gel manicures from S$45; free gel removal; après extensions from S$80; mystery design sets from S$65.,2.0,2.0,3.0,n/a,3.0,46.0,Contested,,,,,,,,
S3 52 home-based business,EXTRA,HN03,HN03-crybaby,Crybaby SG,home-nails,express gel from S$25,Unlimited gel design for one price. You can customise the set however you want without paying per nail or per design.,"At S$25 we are close to the budget end, and unlimited design is something any competitor can also offer.",other home nail studios; budget $15 gel studios; Euns Nails,mid,PUBLIC LISTING: Bukit Panjang home studio; express gel manicures from S$25; unlimited gel design customisation; slots via a Telegram channel.,2.0,1.0,3.0,n/a,3.0,41.0,Contested,,,,,,,,
S3 52 home-based business,EXTRA,HN05,HN05-get,Get Nailed SG,home-nails,express manicure from S$25,"Quick express manicures in Woodlands, with press-on sets if you cannot come in.",There is nothing in the listing that distinguishes us from the other studios a few MRT stops away.,other home nail studios; budget $15 gel studios; Crybaby SG,weak,PUBLIC LISTING: Woodlands home studio; express manicure from S$25; also sells press-on nails; booking via Instagram only; no signature style or credential claimed.,2.0,1.0,3.0,n/a,3.0,41.0,Contested,,,,,,,,
S3 52 home-based business,EXTRA,HT01,HT01-an,"An ex-MOE teacher, JC level",home-tuition,S$90-130/h,"I taught the A-level syllabus in a Singapore school for over a decade, so I know exactly what examiners look for and where students lose marks.","I charge S$90-130 an hour, which is three to four times a part-time tutor, so families on a budget will not consider me.",part-time tutors; full-time tutors; tuition centres,strong,"PUBLISHED RATE LADDER (2026 Singapore market norms): ex/current MOE teachers at JC level command S$90-130/h, the highest published tier in the market; category alone does not determine suitability but curriculum experience is what parents pay the premium for.",4.0,2.0,3.0,n/a,4.0,62.0,"Viable, conditional",,,,,,,,
S3 52 home-based business,EXTRA,HT02,HT02-an,"An ex-MOE teacher, Primary level",home-tuition,S$50-70/h,A former primary school teacher who knows the syllabus sequencing and the common misconceptions at each level.,"The primary premium is much smaller than at JC, so the price gap over a full-time tutor does not justify itself for every parent.",part-time tutors; full-time tutors; tuition centres,mid,PUBLISHED RATE LADDER: ex/current MOE teachers at Primary level command S$50-70/h; the premium over a part-time tutor (S$25-35/h) is roughly double.,3.0,2.0,3.0,n/a,3.0,52.0,Contested,,,,,,,,
S3 52 home-based business,EXTRA,HT03,HT03-a,"A full-time private tutor, Sec 3-5",home-tuition,S$45-60/h,"Tuition is my full-time job, so I can offer evening and weekend slots that teachers cannot, and I teach the same syllabus every week.","I sit between the part-timers and the MOE teachers on price, and parents who want curriculum authority go above me.",ex-MOE teachers; part-time tutors; tuition centres,mid,"PUBLISHED RATE LADDER: full-time tutors at Sec 3-5 command S$45-60/h; they offer broader scheduling availability and regular teaching practice, which is the stated basis for the mid tier.",3.0,2.0,3.0,n/a,3.0,52.0,Contested,,,,,,,,
S3 52 home-based business,EXTRA,HT04,HT04-a,"A part-time tutor, Primary 1-4",home-tuition,S$25-35/h,"I tutor primary maths and science part-time while studying, and I charge less than anyone else for the same levels.","I am the cheapest option, which means parents see me as interchangeable with any other part-time tutor. There is nothing else to choose me on.",other part-time tutors; tuition centres; online tutors,weak,"PUBLISHED RATE LADDER: part-time tutors at Primary 1-4 command S$25-35/h, the lowest paid tier; the ladder notes part-time tutors are 'often the lower-cost option' and that category alone does not determine suitability.",2.0,1.0,2.0,n/a,3.0,37.0,Fragile OR Contested,,,,,,,,
